plcy_no,name,lclsf,category,keyword,region,sub_region,source,source_url,ref_url2,raw_text,amount,deadline,registered_at,last_modified_at,collected_at,aply_prd_type,biz_prd_type,biz_start_ymd,biz_end_ymd,biz_prd_etc,age_min,age_max,age_limit_yn,earn_cnd,earn_min_amt,earn_max_amt,earn_etc,mrg_stts,job,school,major,special_target,pvmthd,pvmthd_group,sprt_scl_cnt,sprt_scl_lmt_yn,sprt_arvl_seq_yn,add_qlfc,exclude_target,apply_method,select_method,submit_docs,etc_matter,sprvsn_inst_nm,oper_inst_nm,rgtr_inst_nm,zip_cd,inq_cnt,aprvl_stts
20260914005400213413,양평군상생행복일자리사업,일자리,취업,중소기업,경기도,양평군,온통청년,https://www.yp21.go.kr/www/selectBbsNttView.do?key=1119&bbsNo=5&nttNo=305711&searchCtgry=&searchCnd=SJ&searchKrwd=%EC%83%81%EC%83%9D%ED%96%89%EB%B3%B5&pageIndex=1&integrDeptCode=,,"관내 기업-근로자 매칭을 통한 노동시장 진입, 정규직 전환 지원 - 지원내용: 관내 중소기업 중 양평군민을 신규채용한 참여기업과 근로자에 고용장려금 지
- 지원기간: 수습 기간 3개월과 정규직 전환 시 6개월 지원(최장 9개월)
- 지원금액: 청년근로자 총 2,700천원 지원",,20260301 ~ 20260831,2026-09-14,2026-09-14,2026-09-14,특정기간,특정기간,20260201,20261231,,18,39,N,무관,0,0,,제한없음,미취업자,제한없음,제한없음,제한없음,기타,지자체,0,N,N,,,,,,,경기도 양평군 경제안전국,,경기도 양평군 경제안전국,41830,7,승인
20260914005400213412,전세사기 피해 예방 아카데미,주거,주택 및 거주지,교육지원,경기도,도시주택실,온통청년,https://gris.gg.go.kr/safe/main.do,,"교육 수요 기관을 대상으로 전문 강사를 파견하여 교육 실시 전세사기 피해 취약 계층인 청년층을 포함한 도민 대상으로 피해 예방을 위한 기초 지식을 전달하는 교육 프로그램으로, 청년공간, 학교 및 기업 등 교육 수요를 요청하는 기관에 전문 강사를 파견하여 2시간의 교육 진행.(단, 교육 장소 및 시설 등은 수요 기관에서 준비)",,,2026-09-14,2026-09-14,2026-09-14,상시,특정기간,20260301,20261231,,0,0,Y,무관,0,0,,제한없음,제한없음,제한없음,제한없음,제한없음,기타,지자체,0,Y,N,,,교육 수요가 발생한 기관에서 공문 또는 담당자 이메일로 신청(교육 수요 조사서 작성 제출),예산 내 지원,수요 조사서 등 (사전 유선 문의),,경기도 도시주택실 토지정보과,,경기도 도시주택실 토지정보과,"41111,41113,41115,41117,41131,41133,41135,41150,41171,41173,41192,41194,41196,41210,41220,41250,41271,41273,41281,41285,41287,41290,41310,41360,41370,41390,41410,41430,41450,41461,41463,41465,41480,41500,41550,41570,41591,41593,41595,41597,41610,41630,41650,41670,41800,41820,41830",4,승인
20260914005400213411,청년 성장 프로젝트(고용노동부 공모사업),일자리,취업,"장기미취업청년,맞춤형상담서비스",전국,,온통청년,https://www.suyeong.go.kr/youth/index.suyeong,https://www.suyeong.go.kr/youth/index.suyeong?menuCd=DOM_000003002006000000,"미취업 청년 등에게 청년 친화적 인프라 및 다양한 프로그램을 제공하여 구직활동 지원, 청년 '쉬었음' 전환 예방 및 경제활동 참여 촉직  ○ 사업근거:「고용정책기본법」제26조 등
○ 사업기간: 2026. 3 ~ 12월
○ 사업내용: 미취업 청년 대상 지역사회 중심의 맞춤형 프로그램 제공 및 청년고용정책 안내·연계
○ 사업대상: 미취업 청년(15~35세) 400여 명  * 35~39세 청년 30% 한도 내 참여 가능",,,2026-09-14,2026-09-14,2026-09-14,상시,기타,,,2026. 3 ~ 12월,15,39,Y,무관,0,0,,제한없음,미취업자,제한없음,제한없음,제한없음,프로그램,지자체,0,N,N,,,프로그램 참여 문의 ▷ 광안XtoZ청년커뮤니티센터 051-610-3861~2,,,,고용노동부 통합고용정책국 청년고용정책관 청년취업지원과,부산광역시 수영구 미래전략국 일자리경제과,부산광역시 수영구 미래전략국 일자리경제과,"26110,26140,26170,26200,26230,26260,26290,26320,26350,26380,26410,26440,26470,26500,26530,26710",22,승인
20260914005400213410,청년·신혼부부 주거자금 대출이자 지원,주거,전월세 및 주거급여 지원,주거지원,강원도,양구군,온통청년,https://www.suyeong.go.kr/youth/index.suyeong,https://www.suyeong.go.kr/youth/index.suyeong?menuCd=DOM_000003003001000000,"청년·신혼부부 대상 주거 자금 대출이자를 지원함으로써 경제적 자립과 지역 내 안정적인 정착을 지원하고, 주거비 부담으로 인한 지역 이탈 방지 등 지속 가능한 청년 주거지원 기반 마련  ○사업근거:「부산광역시 수영구 청년 기본 조례」제13조의2
○사업기간: 2026. 8 ~ 10월
○사업내용: 구입 또는 전월세 목적으로 금융권 대출을 실행한 청년 및 신혼부부 가구에 신청일 기준 대출 잔액의 1% 범위 내 대출이자 지원(가구당 2회, 회당 50만원, 최대 100만원 한도) 
○지원대상: 요건을 충족하는 청년 및 신혼부부 200가구(청년 100, 신혼부부 100)",,20260826 ~ 20260915,2026-09-14,2026-09-14,2026-09-14,특정기간,기타,,,2026. 8 ~ 10월,18,39,Y,연소득,0,4500,,제한없음,제한없음,제한없음,제한없음,제한없음,기타,지자체,0,N,N,공고문 참조,공고문 참조,수영구 청년포털 홈페이지 온라인 신청,"(1단계) 연령, 주소지, 소득기준 등 지원 자격 확인
(2단계) 신청자 수가 모집규모 초과 시 심사표에 따른 정량평가",공고문 참조,,부산광역시 수영구 미래전략국 일자리경제과,,부산광역시 수영구 미래전략국 일자리경제과,26500,47,승인
20260914005400213409,청년 사업자 임차료 지원사업,일자리,창업,"중소기업,장기미취업청년,벤처",강원도,양구군,온통청년,https://www.suyeong.go.kr/youth/index.suyeong,,"청년 사업자 및 창업자들에게 매월 임차료를 지원하여 경제적 부담을 경감하고 안정적인 창업 환경을 조성하여 지역 내 청년경제 활성화 도모 ○ 사업근거:「부산광역시 수영구 청년 기본 조례」제13조의2
○ 사업기간: 2026. 3 ~ 12월
○ 사업내용: 1인당 월 20만원, 최대 10개월 ▷ 연 최대 200만원 월 임차료 지원
○ 사업대상: 지원 자격요건을 충족하는 청년(18~39세) 사업자 50명",,,2026-09-14,2026-09-14,2026-09-14,마감,기타,,,2026. 3 ~ 12월,18,39,Y,연소득,1,10000,,제한없음,"자영업자, (예비)창업자",제한없음,제한없음,제한없음,기타,지자체,0,N,N,공고문 참조,공고문 참조,수영구 청년포털 홈페이지 온라인 접수,"<심사방법>
(1단계) 연령, 주소지, 사업장 소재지 등 지원 자격 확인
(2단계) 모집규모 초과 시 심사표에 따른 정량평가

<결과발표>
최종 선정자 홈페이지 공고",공고문 참조,공고문 참조,부산광역시 수영구 미래전략국 일자리경제과,,부산광역시 수영구 미래전략국 일자리경제과,26500,12,승인
20260914005400213408,「2026년 광산구 청년창업자 사업장 월 임대료 지원사업」 지원대상자 모집,일자리,창업,인턴,전라남도,광산구,온통청년,https://youth.gwangju.go.kr/www/51?siteId=www&plcyNo=20260429005400212915&url=%2Fwww%2Fpolicy%2FallYgPolicyView,,"○ 초기 청년 창업자 경제적 부담 완화 및 안정적 창업 정착 지원 ○ 임대료 지원
· 선정월부터 3개월간 사업장 월 임대료 70% 지원
· 월 20만원 한도, 총 60만원 이내
※ 관리비, 보증금 등 제외(상가 임대차계약서상 월세 기준)",,,2026-09-14,2026-09-14,2026-09-14,마감,기타,,,연중,19,39,Y,무관,0,0,,제한없음,제한없음,제한없음,제한없음,제한없음,계약(위탁운영),지자체,50,Y,N,,,"○ 방문 신청
· 신청인 본인 방문신청(우편 및 대리접수 불가)
· 접수처: 광산구청 3층 일자리정책과 청년활력팀
※ 실물 신분증 지참 필요
※ 평일 9시~18시 접수(주말·공휴일 및 점심시간 12시~13시 제외)","○ 결과발표
· 선정여부 개별 문자 통보(접수일 기준 10일한)",☞ 자세한 내용은 붙임파일을 확인해주시기 바랍니다.,"○ 본 사업은 선착순 접수로 진행되므로 신청자는 공고문을 충분히 숙지한 후 신청하여야 합니다. 공고문 미확인, 제출서류 누락, 기재사항 착오·누락, 허위기재, 연락불능 등으로 인한 불이익은 신청자 본인에게 있습니다.",전남광주통합특별시,전남광주통합특별시,전남광주통합특별시,12330,7,승인
20260909005400213396,청년농업인 영농정착 지원사업,일자리,취업,"바우처,보조금",경기도,남양주시,온통청년,https://www.nyj.go.kr/www/index.do,,"청년자금, 기술경영 교육과 컨설팅, 농지 임대 및 매매를 연계 지원하여 건실한 경영체로 성장 유도, 특히 영농초기 소득이 불안정한 청년농에게 최장 3년간 월 최대 110만원 영농정착 지원금을 지급 1. 영농정착지원금 지급 (소득 지원)
영농 초기 소득이 불안정한 청년농업인의 생활 안정을 위해 독립경영 연차에 따라 바우처 형태의 정착지원금을 차등 지급합니다.
1년차: 월 110만 원
2년차: 월 100만 원
3년차: 월 90만 원
(사용 용도: 농가 경영비 및 일반 가계자금, 단 자산 취득 및 유흥·사치품 등 일부 업종 사용 제한)

2. 창업 및 자금 지원
건실한 농업경영체로 성장할 수 있도록 후계농업경영인 육성자금(정책 융자, 최대 5억 원 한도 등) 및 창업 자금을 연계하여 지원합니다.

3. 농지 지원
농어촌공사 농지은행 농지임차 매입을 우선 지원합니다.

4. 교육 지원
농림수산식품교육문화정보원(농정원) '농업교육포털'교육(연 72시간 의무)을 제공합니다.",,20260601 ~ 20260710,2026-09-09,2026-09-10,2026-09-14,특정기간,기타,,,선정년도에 따라 상이,18,39,N,기타,0,0,본인세대의 건강보험료 산정액(본인부담액 또는 부과액) 중위소득 140%이하( `25년 10월),제한없음,제한없음,제한없음,제한없음,제한없음,바우처,지자체,0,N,N,"※ 아래에 모두 해당해야 사업 신청 가능
- 농업경영체 경영주 등록 기준 총 영농기간 3년 이하
- 병역필 또는 병역면제자
- 반드시 사업장과 거주지가 남양주시에 소재","※ 아래에 해당할 시 사업 신청 불가
- 본인 명의 사업자 등록(개인·법인) 및 법인 설립 등기를 한 자
- 공공기관 및 회사 등에 상근 직원으로 채용되어 매월 보수 또는 보수에 준하는 급여를 받고 있는 자
- 고등학교·대학교 재학생과 휴학생
- 진돗개를 제외한 개의 사육을 하는 자
- 청년농업인영농정착지원사업에 선정되어 영농정착지원금을 받은 사실이 있는 자(사용 기준이 아닌 수령 기준)",,,,,농림축산식품부,경기도 남양주시 농업기술센터,경기도 남양주시 농업기술센터,41360,30,승인
20260909005400213395,남구 AI 콘텐츠 크리에이터 양성교육,일자리,취업,인턴,전라남도,,온통청년,https://youth.gwangju.go.kr/www/50?siteId=www&policyId=1460&url=%2Fwww%2Fpolicy%2FgjYgPolicyView,,"○ 일시 : 26026. 9. 16.(수) ~ 10. 28.(수) 14:00~17:00 (매주 수,금/총 10차시)

○ 장소 : 청년와락(독립로 2, 2층)

○ 강의 내용 : 생성형 AI 포토그래메트리 활용 3D 에셋 및 영상 제작 교육 생성형 AI 포토그래메트리 활용 3D 에셋 및 영상 제작 무료 강좌",,,2026-09-09,2026-09-10,2026-09-14,상시,기타,,,연중,19,39,Y,무관,0,0,,제한없음,제한없음,제한없음,제한없음,제한없음,계약(위탁운영),지자체,10,Y,N,,,"네이버 폼 신청
https://naver.me/G7NYhNhY",,,,전남광주통합특별시,전남광주통합특별시,전남광주통합특별시,12270,14,승인
20260909005400213394,남구 AI 창업 아카데미,일자리,취업,인턴,전라남도,,온통청년,https://youth.gwangju.go.kr/www/50?siteId=www&policyId=1461&url=%2Fwww%2Fpolicy%2FgjYgPolicyView,,"○ 일시 : 26026. 9. 30.(수) ~ 10. 29.(목) 18:00~21:00 (매주 수,목/총 10차시)

○ 장소 : 청년와락(독립로 2, 2층)

○ 강의 내용 : 창업 아이디어 발굴부터 시장조사, 마케팅, 시제품 제작, 발표 자료 구성까지 생성형 AI를 활용한 창업 전 과정 실습 교육 창업 아이디어 발굴부터 시장조사, 마케팅, 시제품 제작, 발표 자료 구성까지 생성형 AI를 활용한 창업 전 과정 실습 교육",,,2026-09-09,2026-09-10,2026-09-14,상시,기타,,,연중,19,39,Y,무관,0,0,,제한없음,제한없음,제한없음,제한없음,제한없음,계약(위탁운영),지자체,10,Y,N,,,"네이버 폼 신청
https://naver.me/G7NYhNhY",,,,전남광주통합특별시,전남광주통합특별시,전남광주통합특별시,12270,28,승인
20260909005400213393,「2026년 청년 창업 성장 육성 프로젝트 지원사업」 청년창업자 모집 공고(3차),일자리,창업,인턴,전라남도,,온통청년,https://youth.gwangju.go.kr/www/50?siteId=www&policyId=1462&url=%2Fwww%2Fpolicy%2FgjYgPolicyView,,"창업 성장기에 접어든 청년 창업자의 안정적인 시장 안착과 지속 가능한 성장 기반 마련을 지원하기 위하여
「2026년 청년 창업 성장 육성 프로젝트 지원사업」의 참여자를 다음과 같이 3차 모집하오니 많은 신청 바랍니다. ❍ 지원 내용
- 공통 역량강화 프로그램

- 온라인 마케팅 및 sns홍보 지원
1. 온라인 마케팅 및 홍보비(기업 당 1,000천원) 지원
2. 전문업체를 통한 선정기업 맞춤형 온라인 홍보콘텐츠 제작 지원",,,2026-09-09,2026-09-10,2026-09-14,마감,기타,,,연중,19,39,Y,무관,0,0,,제한없음,제한없음,제한없음,제한없음,제한없음,계약(위탁운영),지자체,0,Y,N,,,"□ 신청접수
❍ 신청기간 : 2026. 8. 10.(월) ~ 9. 8. (화) 18:00 까지
❍ 신청방법 : 이메일 (bunnyqu@korea.kr) 접수 ※ 이메일 접수 후 반드시 수신 여부 확인
- 신청서 및 사업계획서는 HWP 파일과 PDF 파일을 함께 제출하여야 함","※ 상기 심사 방법 및 일정은 사정에 따라 일부 변경될 수 있습니다

① 1차 신청자격 적격 심사(’26. 8. 31. ~ 9. 8. )
❍ 제출서류를 기준으로 신청자격 충족 및 제외 대상 해당 여부 확인
❍ 심사는 별도 배점 없이 적격 또는 부적격으로 판정

② 2차 사업계획서 심사( ’26. 9. 9. 예정)
❍ 선정심사위원회에서 제출된 사업계획서를 기준으로 평가
❍ 심사위원회는 내·외부 전문가 등 4인 이내로 구성
❍ 사업의지, 지원 필요성, 사업추진 적합성, 성장 가능성 등을 종합적으로 평가

③ 대상자 선정
❍ 2차 심사 결과 고득점자 순으로 최종 대상자를 선정합니다
❍ 동점자가 발생하는 경우 다음 순서에 따라 우선 선정합니다.
- 동구 거주자 > 창업 업력 > 연매출액

④ 선정자 발표
❍ 발표일자 : 2026. 9. 11.(금) 예정
❍ 발표방법 : 동구 홈페이지 게시 및 개별 통보","①제출 서류 목록 ②사업 신청서 ③사업계획서 ④개인정보 수집 이용제공 동의서
⑤성실의무 이행확약서 ⑥사업자등록증명원 ⑦법인등기부등본(법인일 시) ⑧주민등록
초본(최근 5년, 주민번호 표시) ⑨사실증명(총사업이력내역) ⑩2025년 부가가치세 과세표준증명원
⑪국세 완납증명서 ⑫지방세 완납증명서 ⑬고용보험 자격이력 내역서 ⑭창업 관련 자격증, 수료증 등","❍ 지원 제외 대상

◦ 당해연도 정부(중앙, 지방), 공공기관의 창업지원 사업에 중복 수혜를 받고 있는 자
(예시) 창업지원 관련사업(예시: 2026년 빈집(빈점포) 청년창업 채움 프로젝트, 지역자원연계 창업
지원사업 등)의 창업 관련 지원 사업
◦ 국세 또는 지방세 체납자
◦ 보조금 취지상 지원이 적합하지 않은 업종의 창업을 희망하는 자
- 「중소기업창업 지원법」 시행령 제4조(창업에서 제외되는 업종) 등 적용

 지원 제외업종(자세한 사항 하단 코드번호 참조)
① 프랜차이즈, ② 단란•유흥주점, ③ 부동산업, 금융 및 보험업 ④ 숙박업
⑤ 사회통념상 유해하다고 판단되는 업종 ⑥ 기타 부적합하다고 판단되는 업종은 제외

◦ 공고일 기준 고용보험 가입자 및 휴업 중 인 자(기업)
◦ 공고일 기준 최근 1년 이내 동일 업종을 폐업한 후 동일 업종으로 재 창업한 자
※ 다만, 사업 목적상 필요하다고 인정되는 경우 예외 인정 가능
◦ 기타 동구청장이 참여제한의 사유가 있다고 인정하는 자(또는 기업)
※ 공동대표 또는 각자대표로 구성된 기업은 대표자 전원이 ‘지원조건’을 갖추고‘지원 제외
대상’에 해당되지 않아야 함.",전남광주통합특별시,전남광주통합특별시,전남광주통합특별시,12210,36,승인
20260909005400213391,청년창업 거주지원시설(창업하여家) 입주자 3차 모집,주거,주택 및 거주지,주거지원,전라남도,,온통청년,"https://www.gjtp.or.kr/home/business.cs?act=view&amp;bsnssId=2258&amp;ctg01=01,02,03,04,05,06,09,07,08,10,11,12&amp;ctg02=04&amp;ctg03=14&amp;pageIndex=1&amp;pageUnit=30&amp;searchKeyword=",,"○ 청년창업 거주지원시설 입주자 모집
· 초기창업자 및 예비창업자에게 업무와 주거를 함께 할 수 있는 임대주택을 저렴하게 공급
· 주거 안정 및 창업기업 성장 지원 ○ 공급주택
· 위치: 전남광주통합특별시 북구 저불로73번길 22-7(용봉동 831-8)
· 공급형태: 4층 다가구 주택
· 공급호수: 403호, 53.57㎡
○ 임대조건
· 보증금: 4,405,000원
· 월 임대료: 186,600원
○ 연계지원
· 광주테크노파크 창업지원 프로그램 연계지원",,20260902 ~ 20260915,2026-09-09,2026-09-10,2026-09-14,특정기간,기타,20260901,20261231,연중,1,39,Y,무관,0,0,,제한없음,제한없음,제한없음,제한없음,제한없음,계약(위탁운영),지자체,1,Y,N,,,"○ 신청방법
· 대면접수 또는 우편접수
· 우편접수는 마감시간 내 도착자에 한함
○ 접수처
· [61436] 전남광주통합특별시 동구 동계천로 150(동명동) 『I-PLEX광주』 2층 202호",,,,전남광주통합특별시,전남광주통합특별시,전남광주통합특별시,"12110,12130,12150,12170,12190,12210,12240,12270,12300,12330,12710,12720,12730,12740,12750,12760,12770,12780,12790,12800,12810,12820,12830,12840,12850,12860,12870",103,승인
20260909005400213390,「2026년 청년농업인 경영실습 임대농장」 임차인 모집,일자리,창업,인턴,전라남도,,온통청년,https://youth.gwangju.go.kr/www/50?siteId=www&policyId=1465&url=%2Fwww%2Fpolicy%2FgjYgPolicyView,,"○ 청년농업인 경영실습 임대농장 임차인 모집
· 영농경험이 부족한 청년에게 시설농업 운영 경험과 기술습득 기회 제공
· 영농창업을 위한 밑거름 마련 지원 ○ 경영실습농장 임차 권한 부여
· 본인 명의의 별도 영농기반 마련 시까지 경영실습농장 임차 권한 부여
· 임대기간 기본 3년
· 신규 임차인 모집 재공고에도 적격자가 없으면 기존 임차농에게 최대 2년씩 2회까지 연장 가능, 최대 7년 임대
○ 임대시설
· 시설위치: 승주읍 서평리 526
· 온실유형: 벤로형 경량철골 온실(천정 개폐형)
· 온실갯수: 1
· 재배작목: 토마토 등
· 면적: 1,208㎡
○ 임대료
· 2026년 사용료: 1,931원×임차면적(㎡)×1/10
· 매년 변경될 수 있음
○ 연계지원
· 청년농업인 영농정착지원사업 대상자가 아닌 임차인의 경우 영농정착지원사업 신청 시 가점 부여
· 농업기술센터 컨설팅, 농림수산식품교육문화정보원 주관 현장실습 교육(WPL) 등 농업교육 정보 제공 및 우선 지원",,20260907 ~ 20260916,2026-09-09,2026-09-10,2026-09-14,특정기간,기타,,,연중,18,40,Y,무관,0,0,,제한없음,제한없음,제한없음,제한없음,제한없음,계약(위탁운영),지자체,1,Y,N,,,"○ 신청방법
· 방문접수, 이메일, 우편
· 우편은 2026. 9. 16. 18:00 이전 도착분에 한함
○ 접수처
· 순천시 농업정책과 스마트팜팀(순천시 승주읍 승주로 628)
○ 이메일
· brotherju820@korea.kr",,☞ 자세한 내용은 붙임파일을 확인해주시기 바랍니다,,전남광주통합특별시,전남광주통합특별시,전남광주통합특별시,12150,46,승인
20260909005400213389,2026년 나주시 청년센터 하반기 「청년희망학교」 강사 모집,교육･직업훈련,교육비지원,교육지원,전라남도,나주시,온통청년,https://youth.gwangju.go.kr/www/50?siteId=www&policyId=1466&url=%2Fwww%2Fpolicy%2FgjYgPolicyView,,"○ 청년들의 역량 강화 및 네트워크 활성화를 위한 「청년희망학교」 강사 모집
· 취‧창업, 마케팅, 관계‧소통, 문화‧예술 등 청년 역량강화 관련 강의 운영
· 8개 강좌 모집, 모집인원 강사풀 구성 ○ 강사비 및 재료비 지원
· 2026년 지방자치인재개발원 강사수당 지급기준 적용
· 강사 등급 및 운영시간에 따라 강사료 책정
· 원데이 클래스에 한해 재료비 지원: 2만원/1인당",,20260901 ~ 20260911,2026-09-09,2026-09-10,2026-09-14,특정기간,기타,,,연중,1,99,Y,무관,0,0,,제한없음,제한없음,제한없음,제한없음,제한없음,계약(위탁운영),지자체,8,Y,N,,,"○ 접수방법: 이메일 또는 방문 제출
· 제출서류 스캔 후 이메일 제출: han1520@korea.kr
· 방문 제출: 10:00~18:00 / 나주시 청년센터",,,,전남광주통합특별시,전남광주통합특별시,전남광주통합특별시,12170,25,승인
20260909005400213387,[영암군] 「청년 자격증 응시료 지원사업」 9월 모집,교육･직업훈련,교육비지원,교육지원,전라남도,영암군,온통청년,https://youth.gwangju.go.kr/www/50?siteId=www&policyId=1468&url=%2Fwww%2Fpolicy%2FgjYgPolicyView,,"○ 청년 자격증 응시료 지원
· 구직활동에 필요한 자격증 응시료 지원을 통한 미취업 청년의 경제적 부담 완화 ○ 지원금액
· 1인당 최대 10만원 한도
○ 지원내용
· 어학·한국사, 국가자격증 응시료 실비 지원
○ 응시료 지원 시험종류
· 어학: TOEIC, TOEFL, IELTS, TEPS, G-TELP, JLPT, JPT, HSK, TSC, BCT 등 기타 공인 외국어 시험
· 한국사: 한국사능력검정시험 기본·심화
· 자격증: 국가기술자격증, 국가공인민간자격증 등
※ 운전면허증 제외
※ 한국산업인력공단(Q-net) 사이트를 통해 세부 종목 확인 가능",,20260901 ~ 20260915,2026-09-09,2026-09-10,2026-09-14,특정기간,기타,,,연중,19,49,Y,무관,0,0,,제한없음,제한없음,제한없음,제한없음,제한없음,계약(위탁운영),지자체,50,Y,N,,,"○ 신청방법
· 방문 및 이메일 접수
○ 방문 접수
· 영암군청 인구청년과
○ 이메일 접수
· suljin12@korea.kr
※ 이메일 신청의 경우 제출서류의 암호를 해제하고 파일 전송",,☞ 자세한 내용은 붙임파일을 확인해주시기 바랍니다,"○ 지원 제한
· 타시군 응시료 지원사업, 전남 구직자 자격증 취득지원사업 등 유사한 지자체 사업 참여 시 지원 제한",전남광주통합특별시,전남광주통합특별시,전남광주통합특별시,12800,49,승인
20260908005400213384,화순군 청년 자격증 응시료 지원사업,일자리,창업,"인턴,벤처",전라남도,화순군,온통청년,https://plus.gov.kr/,https://plus.gov.kr/portal/benefitV2/benefitTotalSrvcList/benefitSrvcDtl?svcSeq=2114210&bnefType=all&svcId=490000000269,"화순군에 주민등록을 두고 있는 청년들에게 어학 및 자격증 시험  응시료를 지원하여 구직 활동의 경제적 부담 완화와 취업능력 개발의 기회 제공 ○ 지원내용 : 1인당 '연 최대2회, 연 10만원 한도.' 어학 및 자격증 시험 응시료 지원
○ 응시료 지원 시험 종류
- 어학 : TOEIC, TOEFL, IELTS, TEPS, G-TELP 등 기타 공인 외국어 시험
- 한국사 : 한국사 능력 검정시험 기본,심화
- 자격증 : 국가기술자격증, 국가공인민간자격증 등

 *화순군청 홈페이지 고시공고(붙임1) 참고

 ※ 사업비 소진 시 조기 마감",,,2026-09-08,2026-09-10,2026-09-14,상시,기타,,,사업비 소진 시 조기 마감,17,48,N,무관,0,0,,제한없음,제한없음,제한없음,제한없음,제한없음,기타,지자체,0,Y,N,"- 지원대상 : 아래 요건을 모두 충족하는 자
   · 연  령 : 신청일 기준 18세 이상 49세 이하
   · 주  소 : 신청일부터 계속해서 화순군에 주민등록을 두고 있는 자
   · 기  타 : 2026. 1. 1. 이후 실시된 어학 및 자격증 시험 응시자 ",,정부24 온라인 신청  ,,"  ○ 필수  
     - 지원 신청서 
     - 응시사실 증명서류(응시사실 확인서, 성적표, 합격증 등) 
     - 응시료 결제 영수증(실제 신청인이 부담한 비용, 결제금액 표기) ","- 지원대상 : 아래 요건을 모두 충족하는 자
   · 연  령 : 신청일 기준 18세 이상 49세 이하
   · 주  소 : 신청일부터 계속해서 화순군에 주민등록을 두고 있는 자
   · 기  타 : 2026. 1. 1. 이후 실시된 어학 및 자격증 시험 응시자 ",전남광주통합특별시 화순군 인구청년정책과,,전남광주통합특별시 화순군 인구청년정책과,12760,21,승인
20260908005400213383,화순군 청년하우스 입주,주거,주택 및 거주지,주거지원,전라남도,화순군,온통청년,https://plus.gov.kr/,,"취.창업을 준비 중인 청년에게 주거형 취업 공간을 제공하여 취업 부담을 경감하며 청년이 정착하여 살기 좋은 환경 조성  사업내용 : 보증금 50만원, 임대료 월 1만원 거주 공간 제공
사업대상 : 18세 ~ 49세 무주택이며 취.창업을 준비중인 청년
지원기간 : 1년
모집물량 : 화순군에 전입하고자 하는 청년 12명(남 6, 여 6)",,20270601 ~ 20270730,2026-09-08,2026-09-11,2026-09-14,특정기간,기타,,,내부사정에 따라 신청기간 변동될 수 있음,17,48,N,무관,0,0,,미혼,"미취업자, 기타",제한없음,제한없음,제한없음,기타,지자체,12,N,N,18세 ~ 49세인 화순군에 전입하고자하는 구직 중인 무주택자 청년 ,,정부24온라인신청 ,,"1. 주민등록표 등본(주민등록번호 뒷자리 표시) 
2. 지방세 세목별 과세증명서(전국단위) 
3. 건강보험 자격득실 확인서(가입이력 전체 표기) 
4. 본인신용정보조회서 
5. 입주신청서",18세 ~ 49세인 화순군에 전입하고자하는 구직 중인 무주택자 청년 ,전남광주통합특별시 화순군 인구청년정책과,,전남광주통합특별시 화순군 인구청년정책과,"11110,11140,11170,11200,11215,11230,11260,11290,11305,11320,11350,11380,11410,11440,11470,11500,11530,11545,11560,11590,11620,11650,11680,11710,11740,12110,12130,12150,12170,12190,12210,12240,12270,12300,12330,12710,12720,12730,12740,12750,12760,12770,12780,12790,12800,12810,12820,12830,12840,12850,12860,12870,26110,26140,26170,26200,26230,26260,26290,26320,26350,26380,26410,26440,26470,26500,26530,26710,27110,27140,27170,27200,27230,27260,27290,27710,27720,28125,28155,28177,28185,28200,28237,28245,28275,28290,28710,28720,30110,30140,30170,30200,30230,31110,31140,31170,31200,31710,36110,41111,41113,41115,41117,41131,41133,41135,41150,41171,41173,41192,41194,41196,41210,41220,41250,41271,41273,41281,41285,41287,41290,41310,41360,41370,41390,41410,41430,41450,41461,41463,41465,41480,41500,41550,41570,41591,41593,41595,41597,41610,41630,41650,41670,41800,41820,41830,43111,43112,43113,43114,43130,43150,43720,43730,43740,43745,43750,43760,43770,43800,44131,44133,44150,44180,44200,44210,44230,44250,44270,44710,44760,44770,44790,44800,44810,44825,47111,47113,47130,47150,47170,47190,47210,47230,47250,47280,47290,47730,47750,47760,47770,47820,47830,47840,47850,47900,47920,47930,47940,48121,48123,48125,48127,48129,48170,48220,48240,48250,48270,48310,48330,48720,48730,48740,48820,48840,48850,48860,48870,48880,48890,50110,50130,51110,51130,51150,51170,51190,51210,51230,51720,51730,51750,51760,51770,51780,51790,51800,51810,51820,51830,52111,52113,52130,52140,52180,52190,52210,52710,52720,52730,52740,52750,52770,52790,52800",29,승인
20260908005400213382,화순군 만원임대주택 지원,주거,주택 및 거주지,주거지원,전라남도,화순군,온통청년,https://plus.gov.kr/,https://plus.gov.kr/portal/benefitV2/benefitTotalSrvcList/benefitSrvcDtl?svcSeq=2115404&bnefType=all&svcId=490000000273,"사회 첫발을 내딛는 사회초년생 중 무주택 청년의 주거안정 및 정주여건을 향상시키고 청년이 정착하여 살기 좋은 환경 조성  ○월세 1만원 임대주택 공급
  - 사업대상 : 18세 이상  49세 이하인 무주택자 청년
  - 지원기간 : 2년(2회 연장 가능, 최장 6년)",,20270301 ~ 20270430,2026-09-08,2026-09-10,2026-09-14,특정기간,특정기간,20270301,20270430,,17,48,N,기타,0,0,근로를 하고 소득이 있는 청년(중위소득150%이하),제한없음,"재직자, 자영업자, 영농종사자",제한없음,제한없음,제한없음,기타,지자체,0,N,N,,,정부24온라인신청,,"1. 입주신청서 
2. 개인정보 수집‧이용 동의 및 제3자 제공 동의서 
3. 주민등록표 등복(주민등록전부표기) 
4. 건강보험자격득실확인서 
5. 지방세미과세증명서(전국단위표기/주택재산세표기) 
6. 본인신용정보조회서 
7. 고용임금확인서(청년Ⅰ형) 
8. 건강보험료 납부확인서(청년Ⅱ형) 
9. 거주자사업소득원천징수영수증 또는 소득금액증명원(청년Ⅱ형 중 사업소득자) 
10. 근로(사업)확인 서류 
   - 근로소득자 : 재직증명서 제출 
   - 사업소득자 : 사업자등록증 또는 농업경영체등록확인서 ",,전남광주통합특별시 화순군 인구청년정책과,,전남광주통합특별시 화순군 인구청년정책과,"11110,11140,11170,11200,11215,11230,11260,11290,11305,11320,11350,11380,11410,11440,11470,11500,11530,11545,11560,11590,11620,11650,11680,11710,11740,12110,12130,12150,12170,12190,12210,12240,12270,12300,12330,12710,12720,12730,12740,12750,12760,12770,12780,12790,12800,12810,12820,12830,12840,12850,12860,12870,26110,26140,26170,26200,26230,26260,26290,26320,26350,26380,26410,26440,26470,26500,26530,26710,27110,27140,27170,27200,27230,27260,27290,27710,27720,28125,28155,28177,28185,28200,28237,28245,28275,28290,28710,28720,30110,30140,30170,30200,30230,31110,31140,31170,31200,31710,36110,41111,41113,41115,41117,41131,41133,41135,41150,41171,41173,41192,41194,41196,41210,41220,41250,41271,41273,41281,41285,41287,41290,41310,41360,41370,41390,41410,41430,41450,41461,41463,41465,41480,41500,41550,41570,41591,41593,41595,41597,41610,41630,41650,41670,41800,41820,41830,43111,43112,43113,43114,43130,43150,43720,43730,43740,43745,43750,43760,43770,43800,44131,44133,44150,44180,44200,44210,44230,44250,44270,44710,44760,44770,44790,44800,44810,44825,47111,47113,47130,47150,47170,47190,47210,47230,47250,47280,47290,47730,47750,47760,47770,47820,47830,47840,47850,47900,47920,47930,47940,48121,48123,48125,48127,48129,48170,48220,48240,48250,48270,48310,48330,48720,48730,48740,48820,48840,48850,48860,48870,48880,48890,50110,50130,51110,51130,51150,51170,51190,51210,51230,51720,51730,51750,51760,51770,51780,51790,51800,51810,51820,51830,52111,52113,52130,52140,52180,52190,52210,52710,52720,52730,52740,52750,52770,52790,52800",88,승인
20260908005400213381,경기도 청년 면접수당,일자리,취업,"장기미취업청년,중소기업",경기도,미래평생교육국,온통청년,https://apply.jobaba.net,https://youth.gg.go.kr/gg/intro/notice.do?mode=view&articleNo=10010,경기도 거주 취업 면접에 참여한 청년에게 면접수당 지원 면접수당 1회 5만원 지역화폐 지급(연 최대 3회),,20260624 ~ 20260707,2026-09-08,2026-09-10,2026-09-14,특정기간,특정기간,20260101,20261231,,18,39,N,무관,0,0,,제한없음,제한없음,제한없음,제한없음,제한없음,보조금,지자체,25000,N,Y,취업 면접에 참여,,"온라인(잡아바어플라이) 접수
하나의 신청서에 여러 면접 건 일괄 신청
신청자격 자가진단 → 개인정보 수집 이용 동의 → 신청정보 입력(제출서류 첨부 등)",신청자격 확인 → 증빙서류 검증 → 온라인에서 선정 결과 확인,"온라인 신청서, 주민등록표 등본 또는 초본(공공 마이데이터 활용 시 제외), 채용 공고문, 면접확인서
",,경기도 미래평생교육국 청년기회과,,경기도 미래평생교육국 청년기회과,"41111,41113,41115,41117,41131,41133,41135,41150,41171,41173,41192,41194,41196,41210,41220,41250,41271,41273,41281,41285,41287,41290,41310,41360,41370,41390,41410,41430,41450,41461,41463,41465,41480,41500,41550,41570,41591,41593,41595,41597,41610,41630,41650,41670,41800,41820,41830",81,승인
20260907005400213378,경기도 청년 복지포인트,일자리,취업,중소기업,경기도,미래평생교육국,온통청년,https://youth.jobaba.net/,,"경기도 소재 중소·중견기업 등 재직, 경기도 거주 청년에게 복리후생을 지원하여 장기근속 유도 경기도 소재 중소·중견기업 등* 재직, 경기도 거주 청년**에게 1년간 120만원 복지포인트 지원
 * 도 소재 중견기업, 중소기업, 소상공인업체, 비영리법인(공기관 등 제외) 재직자
 ** 급여 385만원(기준 중위소득 150%) 이하 재직자 / 주 36시간 이상 6개월 이상 근로자",,20260701 ~ 20260713,2026-09-07,2026-09-08,2026-09-14,특정기간,특정기간,20260101,20261231,,19,39,N,기타,0,0,접수시작일 직전 6개월 평균 월급여 385만원 이하,제한없음,재직자,제한없음,제한없음,중소기업,공공기관,지자체,0,N,N,"- 경기도 내 중소‧중견기업,소상공인업체,비영리법인 재직자(주36시간 이상 근무)
 ※ 자세한 사항은 청년 노동자 지원사업 홈페이지(https://youth.jobaba.net/) 참고","국가근로장학생 / 해외파견자 / 휴직자 / 병역 복무 이행자
 ※ 자세한 사항은 청년 노동자 지원사업 홈페이지(https://youth.jobaba.net/) 참고",청년 노동자 지원사업 홈페이지(https://youth.jobaba.net/) 온라인 신청,"청년 노동자 지원사업 홈페이지(https://youth.jobaba.net/) 선정 결과 발표
 - 접수시작일 직전 6개월 평균 건강보험료가 낮은 순으로 선발","사업참여신청서, 개인정보제공동의서, 근무확인서, 주민등록초본, 4대 사회보험 가입자 가입내역확인서 등

※ 자세한 사항은 청년 노동자 지원사업 홈페이지(https://youth.jobaba.net/) 참고",,경기도 미래평생교육국 청년기회과,,경기도 미래평생교육국 청년기회과,"41111,41113,41115,41117,41131,41133,41135,41150,41171,41173,41192,41194,41196,41210,41220,41250,41271,41273,41281,41285,41287,41290,41310,41360,41370,41390,41410,41430,41450,41461,41463,41465,41480,41500,41550,41570,41591,41593,41595,41597,41610,41630,41650,41670,41800,41820,41830",149,승인
20260907005400213375,양평군 청년 신혼부부 주거자금 대출이자 지원 사업,주거,전월세 및 주거급여 지원,주거지원,경기도,양평군,온통청년,https://blog.naver.com/yphub,https://apply.jobaba.net/bsns/bsnsDetailView.do?bsnsSeq=5233,"양평군은 청년 신혼부부의 정주 여건 개선을 위해 청년 주거 자금 대출 이자지원 사업을 다음과 같이 지원합니다.  -지원규모: 약 40가구
-지원대상
  ·혼인 신고일로 부터 7년 이내 부부
  ·부부 중 1명 이상이 18세~39세 해당 
  ·전용 면적 85㎡ 이하 주택매매가 4억2천만 이하, 전월세 보증금 3억원 이하의 양평군 소재 주택 
-지원내용: 청년 신혼부부 가구 주택 매입 또는 임차(전월세)를 위한 대출금 이자 상환액 지원 
                1가구당 최대 200만원, 연 1회, 생애 최대 2회 까지 지원
*전년도 1월~12월 12개월 동안 실제 상환한 이자를 지원하되 대출잔액의 2% 이내 최대 2백만원 지원
-선정기준(경합시): 4가지 평가항목(1.주택매입 및 임차보증금 금액 2.자녀 수 3.부부합산 소득수준 4. 장애인 다문화 가구)따라 대상자 선정",,20260309 ~ 20260325,2026-09-07,2026-09-08,2026-09-14,특정기간,특정기간,20260305,20260531,,18,39,N,기타,0,0,부부 합산 연소득 8천만원 이하,기혼,제한없음,제한없음,제한없음,제한없음,보조금,지자체,40,N,N,-혼인신고일로부터 7년 이내인 부부,"-기초생활수급자 및 공공임대주택 거주자
-다른기관 및 지자체의 유사사업으로 지원을 받고 있거나 받은 이력이 있는 경우 
*이외 공고문 확인 ",경기도 일자리재단 잡아바 어플라이 온라인 신청(https://apply.jobaba.net/),"   - 평가항목 합산 총점 순으로 선정하고, 
     총점이 같을 경우 각 평가항목의 순서에 따라 높은 점수 순으로 선정
   - 총점 및 각 평가항목의 점수가 동일할 경우 부부합산 연 소득금액이 적은 순으로 선정
   *세부 배점표 공고 내용 확인 ",*붙임 공고 내용 확인 ,,경기도 양평군 문화복지국,,경기도 양평군 문화복지국,41830,34,승인
20260907005400213374,2026년 북구 라이브커머스 지원 참여 소상공인 모집(3차),일자리,창업,인턴,전라남도,,온통청년,https://youth.gwangju.go.kr/www/50?siteId=www&policyId=1459&url=%2Fwww%2Fpolicy%2FgjYgPolicyView,,"○ 소상공인의 온라인시장 진출 지원 및 디지털커머스 대응력 강화를 위한 라이브커머스 방송 제작·송출 지원 ○ 라이브커머스 방송 제작 및 송출 지원
· 업체별 1회
· 60분 이내",,20260903 ~ 20260928,2026-09-07,2026-09-08,2026-09-14,특정기간,기타,,,연중,1,99,Y,무관,0,0,,제한없음,제한없음,제한없음,제한없음,제한없음,계약(위탁운영),지자체,4,Y,N,,,"○ 신청 접수
· 방문 또는 이메일 접수
· 이메일: lnr123@korea.kr
· 방문접수는 평일 근무시간 내 가능(주말·공휴일, 점심시간 제외)
○ 접수처
· 소상공인지원과: 북구 첨단연신로 88, 802호(연제동, 허드슨 1041)",,☞ 자세한 내용은 붙임파일을 확인해주시기 바랍니다,,전남광주통합특별시,전남광주통합특별시,전남광주통합특별시,12300,35,승인
20260903005400113371,2026학년도 2학기 AI학업장려 학자금대출,교육･직업훈련,교육비지원,대출,정부산하기관및위원회,,온통청년,https://www.kosaf.go.kr/ko/tuition.do?pg=tuition19,,"AIㆍSW 미래인재 양성을 위해 AIㆍSW분야 학부생 대상으로 AI학업장려비*를 지원하고, 취업 등 소득이 발생한 시점부터 소득수준에 따라 원리금을 상환하는 제도
* AI학업장려비: 학자금 범위 내 AI·SW분야의 학업을 수행하기 위해 필요한 수강료, 도서·교재비 등 소요되는 제반 비용 ㅇ AI학업장려비: AI·SW분야 학업 수행에 필요한 수강료, 도서·교재비 등 비용 지원
ㅇ 대출금리: 연 1.7% 변동금리
ㅇ 대출한도: 연간 200만 원 이내
   ※ 개인 총 한도 1,000만 원 이내 대출 가능
   ※ 등록금·생활비 대출과 별도 한도로 이용 가능",,20260701 ~ 20261117,2026-09-03,2026-09-03,2026-09-14,특정기간,기타,,,연내,19,35,N,무관,0,0,,제한없음,제한없음,대학 재학,제한없음,제한없음,직접대출,중앙부처,0,Y,N," - 성적기준: 직전학기 이수학점 12학점 이상
   ※ 장애인, 신입생군, 졸업학년 학부생은 이수학점 기준 제외",,한국장학재단 누리집(www.kosaf.go.kr) 및 모바일 앱에서 신청,,, 문의처: 한국장학재단 상담센터(1599-2000),교육부,한국장학재단,한국고용정보원,"11110,11140,11170,11200,11215,11230,11260,11290,11305,11320,11350,11380,11410,11440,11470,11500,11530,11545,11560,11590,11620,11650,11680,11710,11740,12110,12130,12150,12170,12190,12210,12240,12270,12300,12330,12710,12720,12730,12740,12750,12760,12770,12780,12790,12800,12810,12820,12830,12840,12850,12860,12870,26110,26140,26170,26200,26230,26260,26290,26320,26350,26380,26410,26440,26470,26500,26530,26710,27110,27140,27170,27200,27230,27260,27290,27710,27720,28125,28155,28177,28185,28200,28237,28245,28275,28290,28710,28720,30110,30140,30170,30200,30230,31110,31140,31170,31200,31710,36110,41111,41113,41115,41117,41131,41133,41135,41150,41171,41173,41192,41194,41196,41210,41220,41250,41271,41273,41281,41285,41287,41290,41310,41360,41370,41390,41410,41430,41450,41461,41463,41465,41480,41500,41550,41570,41591,41593,41595,41597,41610,41630,41650,41670,41800,41820,41830,43111,43112,43113,43114,43130,43150,43720,43730,43740,43745,43750,43760,43770,43800,44131,44133,44150,44180,44200,44210,44230,44250,44270,44710,44760,44770,44790,44800,44810,44825,47111,47113,47130,47150,47170,47190,47210,47230,47250,47280,47290,47730,47750,47760,47770,47820,47830,47840,47850,47900,47920,47930,47940,48121,48123,48125,48127,48129,48170,48220,48240,48250,48270,48310,48330,48720,48730,48740,48820,48840,48850,48860,48870,48880,48890,50110,50130,51110,51130,51150,51170,51190,51210,51230,51720,51730,51750,51760,51770,51780,51790,51800,51810,51820,51830,52111,52113,52130,52140,52180,52190,52210,52710,52720,52730,52740,52750,52770,52790,52800",485,승인
20260903005400213370,광양청년꿈터 하반기 드림클래스 수강생 모집,교육･직업훈련,교육비지원,교육지원,전라남도,광양시,온통청년,https://youth.gwangju.go.kr/www/50?siteId=www&policyId=1458&url=%2Fwww%2Fpolicy%2FgjYgPolicyView,,"○ 광양청년꿈터 하반기 드림클래스 수강생 모집
· 청년 대상 8개 학과 운영
· 1인 2개 학과까지 수강 가능
· 수강료 무료 ○ 운영학과
· 내 이야기가 브랜드가 되는 전자책 출간하기: 9. 14. ~ 9. 28. / 매주 월요일 18:30
· 향기 미션 프로젝트: 9. 15. ~ 10. 6. / 매주 화요일 18:30
· 빛을 캔버스에 담다 : 자개 달항아리: 9. 16. ~ 10. 7. / 매주 수요일 18:30
· 블로그로 시작하는 SNS 콘텐츠 수익화: 10. 1. ~ 10. 15. / 매주 목요일 10:30
· 재료로 시작하는 나만의 페르소나: 10. 12. ~ 10. 16. / 월, 수, 금요일 18:30
· 흙으로 채우는 작은 일상: 10. 14. ~ 11. 4. / 매주 수요일 18:30
· 손끝에서 피어나는 글씨와 꽃: 10. 20. ~ 11. 10. / 매주 화요일 10:30
· 나의 삶을 위한 공간 정리의 힘: 11. 4. ~ 11. 18. / 매주 수요일 10:30",,20260831 ~ 20261031,2026-09-03,2026-09-03,2026-09-14,특정기간,기타,,,연중,18,45,Y,무관,0,0,,제한없음,제한없음,제한없음,제한없음,제한없음,계약(위탁운영),지자체,0,Y,N,,,"○ 광양청년꿈터 홈페이지 신청
○ 포스터 QR코드 수강신청 바로가기",,,"○ 1인 2개 학과까지 수강 가능
○ 선착순 마감",전남광주통합특별시,전남광주통합특별시,전남광주통합특별시,12190,47,승인
20260903005400213369,2026년 여수시 「청년도전지원사업」 참여자 모집,일자리,취업,인턴,전라남도,여수시,온통청년,https://youth.gwangju.go.kr/www/50?siteId=www&policyId=1456&url=%2Fwww%2Fpolicy%2FgjYgPolicyView,,"○ 최근 6개월 이상 취업 및 교육·직업훈련 경험이 없는 청년 대상 프로그램 제공 및 참여수당, 인센티브 지원 ○ 단기(5주)
· 참여수당 50만원
○ 중기(15주)
· 참여수당 150만원(50만원3회)
· 이수 인센티브 20만원
○ 장기(25주)
· 참여수당 250만원(50만원5회)
· 이수 인센티브 20만원
· 구직활동 인센티브 30만원
· 취·창업 인센티브 50만원(6개월 내 취업, 3개월 근속)
○ 프로그램
· 밀착상담, 취업역량강화, 진로탐색, 자신감회복, 사례관리, 외부연계활동, 지역맞춤형, 자율활동
○ 사후관리
· 종합취업지원 서비스 연계
· 국민취업지원제도, 일경험, 구직자도약보장패키지 등",,,2026-09-03,2026-09-03,2026-09-14,상시,기타,,,연중,18,34,Y,무관,0,0,,제한없음,제한없음,제한없음,제한없음,제한없음,계약(위탁운영),지자체,0,Y,N,,,"○ 온라인
· 고용24 접속
· ‘청년도전지원사업’ 선택
· ‘여수시’ 검색 후 신청서 작성
○ 오프라인
· 사)미래기술산업진흥원 방문 접수
· 주소: 여수시 선소로 127, 2층
※ 사전상담예약 필수",,,,전남광주통합특별시,전남광주통합특별시,전남광주통합특별시,12130,82,승인
20260831005400213366,[남구] 2026년 청년 구직자(근로자) 취업장려금 지원,일자리,취업,인턴,전라남도,,온통청년,https://youth.gwangju.go.kr/www/51?siteId=www&plcyNo=20260408005400212623&url=%2Fwww%2Fpolicy%2FallYgPolicyView,,"❍ 사 업 명 : 청년 구직자(근로자) 취업장려금 지원사업
  ❍ 신청기간 : 2026. 2. 2.(월) ~ 12.      ※ 예산 소진 시 사업 조기종료    
  ❍ 지원대상 : 청년 근로자 30명     
    - 기준일(2026.2.1.)로부터 광주광역시 남구에 주민등록을 둔 거주자
    - 신청일 기준 19세 이상 39세 이하 청년
    - 구직활동 후 4대 보험 가입 사업장에 주 40시간 이상 근로계약을 체결하여 6개월 이상 근속한 사람              ※ 구직활동 기준시점 : 2024. 7. 1.
    - 가구 소득액이 기준 중위소득 150% 이하인 사람 취업장려금 1인당 500천원 지원(1인 1회)/ 신청월 말일 지급",,,2026-08-31,2026-09-02,2026-09-14,마감,기타,20260219,20261218,연중,19,39,Y,무관,0,0,,제한없음,제한없음,제한없음,제한없음,제한없음,계약(위탁운영),지자체,0,Y,N,,,"  ❍ 신청기간 : 2026. 2. 2.(월) ~ 12. (채용 후 6개월 경과된 시점)
  ❍ 신청방법 : 방문 또는 이메일 신청(iljari1234@korea.kr)
  ❍ 접 수 처 : 남구청 일자리정책과(6층)
  ❍ 제출서류
    ① 청년 구직자 취업장려금 지원신청서(서식 1)
    ② 개인정보수집·이용·제공동의서(서식 2)
    ③ 참여적격확인서(서식 3)
    ④ 주민등록등본 1부 
    ⑤ 주민등록초본(최근 5년 과거내역포함) 1부
    ⑥ 구직활동 확인서 1부   ※ 구직등록 서류, 입사지원서, 면접확인서 등
    ⑦ 건강보험납입내역서 1부 (주민등록 가구 합산)
    ⑧ 4대보험 가입내역서 1부
    ⑨ 근로계약서 1부 ",,,,전남광주통합특별시,전남광주통합특별시,전남광주통합특별시,12270,154,승인
20260831005400213365,[남구] 증명사진 무료지원 ,일자리,취업,인턴,전라남도,,온통청년,https://www.namgu.gwangju.kr/index.es?sid=a1,,"[남구] 2026년 구직청년 증명사진 촬영지원 ❍ 지원기간 : 2026. 7. ~ 12.   ※ 예산 소진 시 조기 마감
❍ 지원대상 : 신청일 기준 청년 구직자로서, 본인이 남구 주민이거나 남구 소재 대학교에 재(휴)학 중인 청년
❍ 지원내용 : 이력서(면접)용 증명사진 무료 촬영 지원(1인 연 1회)
❍ 지원절차 : 신청(방문·이메일) → 승인(통보) → 사전예약 및 촬영 
❍ 촬영업체 : 아래 사진관 중 택1 하여 신청

  1) 고운날사진관  (남구 효천중앙로 62, 203호 / 062-710-0040)
  2) 노블스튜디오 (남구 서문대로 676, 2층 / 062-651-7154)
  3) 더인스튜디오 (남구 효우로 79, 6층 602호 / 062-672-5819)
  4) 블루레코드     (남구 독립로 20, 3층 / 0507-1332-2574)
  5) 연리지스튜디오 (남구 봉선로 1, 지하 1층 / 062-376-7343)",,,2026-08-31,2026-09-10,2026-09-14,상시,기타,20260828,20261225,연중,19,39,Y,무관,0,0,,제한없음,제한없음,제한없음,제한없음,제한없음,계약(위탁운영),지자체,0,Y,N,,," 1) 신청 및 접수
   - 신청기간: 2026. 7. 27. ~ 12. 18.    ※ 예산 소진 시 조기 종료
   - 신청방법: 방문 또는 이메일 신청
     · 방  문: 남구청 일자리정책과 청년정책팀(남구 봉선로 1, 6층)
     · 이메일: iljari1234@korea.kr
   - 구비서류: ① 증명사진 촬영 지원 신청서 ② 워크넷 구직등록확인증③ 주민등록초본(1년 포함) 또는 대학교 재(휴)학 증명서 1부
 2) 선    정: 대상 요건(연령, 거주기준 등) 검토 및 선정(개별통보)
 3) 촬영예약: 촬영일시 확인 등 촬영업체에 신청자가 유선예약 실시
     ※ 선정 안내일로부터 1개월 이내에 촬영하지 않을 경우, 선정 취소 및 예비순번 대상자 선정",,,,전남광주통합특별시,전남광주통합특별시,전남광주통합특별시,12270,61,승인
20260831005400213364,(최초공개) LH 현직자가 이 것마저 공개....,일자리,취업,인턴,전라남도,,온통청년,https://youth.gwangju.go.kr/www/50?siteId=www&policyId=1454&url=%2Fwww%2Fpolicy%2FgjYgPolicyView,,"2026년 남구 청년와락 &apos;현직자와의 특별한 만남&apos;

청년 - 현직자 멘토링 강의 프로그램

ㅇ 일시: 2026. 10. 13.(화) 14:00 ~ 16:00
ㅇ 장소: 남구 청년와락(남구 독립로 2, 2층)
ㅇ 멘토: LH 한국토지주택공사 3급 차장님
ㅇ 신청방법: 네이버폼
ㅇ 강의내용: 한국토지주택공사 경영지원팀 3급 차장님이 풀어주는 LH 취업 노하우 아 줴줴이야 .",,,2026-08-31,2026-09-10,2026-09-14,상시,기타,20260828,20261013,연중,19,39,Y,무관,0,0,,제한없음,제한없음,제한없음,제한없음,제한없음,계약(위탁운영),지자체,0,Y,N,,,https://naver.me/FJOcNIEc,,,,전남광주통합특별시,전남광주통합특별시,전남광주통합특별시,12270,97,승인
20260831005400213361,삼척중앙시장 청년몰 청년상인 수시모집,일자리,창업,벤처,강원도,삼척시,온통청년,https://www.samcheok.go.kr/media/00084/00095.web?amode=view&mgtNo=37890&cd=01&cpage=1&sstring=%EC%B2%AD%EB%85%84%EB%AA%B0&stype=title,,"삼척중앙시장 청년몰 입점 희망 청년상인 모집 청년몰 입점 계약(최대 7년), 
공유재산 사용료 연 50~60만 원(면적 등 점포 여건에 따른 차액 발생)",,20260831 ~ 20261231,2026-08-31,2026-08-31,2026-09-14,특정기간,기타,,,"최초 계약기간 5년, 재평가 후 2년 재계약 가능",18,49,N,무관,0,0,,제한없음,(예비)창업자,제한없음,제한없음,제한없음,인프라 구축,지자체,10,N,N,,"[결격사유]
① 피성년후견인 또는 피한정후견인
② 파산선고를 받고 복권되지 아니한 자
③ 금고 이상의 실형 후 집행종료 또는 집행면제 후 5년이 지나지 아니한 자
④ 금고 이상의 실형 후 집행유예 기간이 끝난 날부터 2년이 지나지 아니한 자
⑤ 금고 이상의 형의 선고유예를 받은 경우에는 그 선고 유예기간 중에 있는 자
⑥ 공고일 기준 청년상인 육성사업(전통시장 청년상인 창업지원)에 참여 중인 자
⑦ 공고일 기준 최근 3년 이내 청년상인 지원사업(전통시장 청년상인 창업지원)에 선정된 후 지원 중 중도포기, 폐업, 법령이나 지침 위반 등으로 계약해지 된 자
⑧ 현 청년몰 입점상인의 배우자 및 직계존비속인 자
⑨ 국세 또는 지방세를 체납 중인 자"," ◦ (신청서접수) 2026. 8. 31.(월) ~ 12. 31.(목)
  ◦ (신청방법) 이메일 신청, 방문 및 등기우편 접수
      * 방문접수 기간 중 근무시간(월~금요일 09:00~18:00)내 
      * 이메일, 우편접수 2026. 12. 31.(목) 18:00까지 도착분(접수 순번)에 한함

","◦ (면접대상) 서류평가 적격자 (서류평가 적격자 매월 10일경 홈페이지 공고)
  ◦ (일시/장소) : 별도 공고
  ◦ (방법) 사업계획 발표 및 심사위원 질의응답
      * 사업계획 발표 및 면접 
        · 발표시간은 5분 이내로 발표 자료(프레젠테이션 자료) 지참 요망 
        · 발표 및 면접은 신청자 본인 외 참석 불가능","◦ 청년상인 지원신청서 및 사업계획서(별지 서식)
     * 관련 자격증, 수상경력, 경력증명 등 증빙서류 미제출 시 해당 점수 불인정
     ※ 기 제출하신 사업계획서 이외에 발표 자료가 있을 경우 자료는 추가 제출 가능   (e-메일 : parkgh2026@korea.kr)
  ◦ 개인정보 수집 및 이용 동의서(별지 서식)
  ◦ 청년몰 입점 자격확인서(별지 서식)
  ◦ 사업자등록 사실증명원
     * 사업자 등록 사실 여부 확인서(지방 세무서 방문 발급, 국세청 홈택스 홈페이지 발급)
  ◦ 국세, 지방세 완납증명서
     * 국  세 : 지방 세무서 방문 또는 국세청 홈택스 홈페이지 
     * 지방세 : 읍면동 행정복지센터 방문 또는 민원 24 홈페이지
  ◦ 주민등록증 사본 및 주민등록초본
  ◦ 기타 자격, 경력 등의 검증을 위해 필요하다고 인정하는 서류(필요시)",,강원특별자치도 삼척시,,강원특별자치도 삼척시 경제산업국,51230,65,승인
20260828005400213358,[무료강좌] 돈이 돈을 버는 법 (원숭이도 따라하는 쉬운 재테크),교육･직업훈련,교육비지원,교육지원,전라남도,,온통청년,https://naver.me/FwG21V3I,,"※ ※ ※ ※  2026년 8월 26일 기준 접수 마감 임박 ※ ※ ※ ※ ※ 

             서 두 르 세 요   ! ! ! 
 
※ ※ ※ ※  모집인원 10명 자리밖에 안 남았습니다  ! ! ! ※ ※ ※ ※ ※

ㅁ 프로그램명
 ㅇ 2026년 남구 청년와락 &apos;청년이 청년에게&apos; 

ㅁ 강사
 ㅇ 김잔잔 ← 무려 19.7만 구독자 보유 재테크 유튜브 크리에이터

ㅁ 강의 일정
 ㅇ (1차시) 9월 10일(목) 19:00~21:00
  - 안전자산: 은행예금보다 이자 더 받는 꿀팁
 ㅇ (2차시) 9월 14일(월) 19:00~21:00
  - 적극자산: &apos;이 것&apos; 하나로 평생 재테크 &apos;끝&apos;
 ㅇ (3차시) 9월 15일(화) 19:00~21:00
  - 절세계좌: 가입 안 하면 바보! 3대장 활용법
 ㅇ (4차시) 9월 22일(화) 19:00~21:00
  - 개별주식: X10배 수익내는 나만의 보물 종목 찾기

ㅁ 강의장소 : 남구 청년와락( 남구 독립로 2, 2층) ㅁ 강의 일정
 ㅇ (1차시) 9월 10일(목) 19:00~21:00
  - 안전자산: 은행예금보다 이자 더 받는 꿀팁
 ㅇ (2차시) 9월 14일(월) 19:00~21:00
  - 적극자산: &apos;이 것&apos; 하나로 평생 재테크 &apos;끝&apos;
 ㅇ (3차시) 9월 15일(화) 19:00~21:00
  - 절세계좌: 가입 안 하면 바보! 3대장 활용법
 ㅇ (4차시) 9월 22일(화) 19:00~21:00
  - 개별주식: X10배 수익내는 나만의 보물 종목 찾기",,,2026-08-28,2026-08-28,2026-09-14,상시,기타,,,연중,19,39,Y,무관,0,0,,제한없음,제한없음,제한없음,제한없음,제한없음,계약(위탁운영),지자체,0,Y,N,,,https://naver.me/FwG21V3I,,,,전남광주통합특별시,전남광주통합특별시,전남광주통합특별시,12270,290,승인
20260826005400213356,청년 스타트업 쇼룸 순천,일자리,창업,인턴,전라남도,순천시,온통청년,https://youth.gwangju.go.kr/www/50?siteId=www&policyId=1446&url=%2Fwww%2Fpolicy%2FgjYgPolicyView,,"○ 청년 스타트업 쇼룸 순천 참여업체 모집
· 청년 창업가의 도전을 응원하기 위한 참여업체 모집
· 청년 창업가 상품 판매·홍보를 위한 쇼룸 운영 ○ 공간 지원
· 연향동·신대 점포 3주간 무상 제공
· 기본 인테리어·진열대·POS 등 집기 지원
※ 판매수익은 입점기업에게 귀속",,20260814 ~ 20260827,2026-08-26,2026-08-27,2026-09-14,특정기간,기타,,,연중,18,45,Y,무관,0,0,,제한없음,제한없음,제한없음,제한없음,제한없음,계약(위탁운영),지자체,0,Y,N,,,"○ 이메일 접수
· jw2293@korea.kr
※ 이메일 신청 시 서명 날인 후 하나의 PDF 파일로 제출 및 신청서 접수 여부 확인 요망
※ 확인 연락처: 061-749-4207",,"○ 입점신청서 1부
○ 회사소개서(브랜드·기업 개요, 대표자 정보) 1부
○ 사업자등록증 또는 법인등기부등본 1부
○ 주민등록표 초본 1부(대표자 순천시 내 거주 시 가점용)
☞ 자세한 내용은 붙임파일을 확인해주시기 바랍니다","○ 입점 가능 품목
· 단순 판매 가능 품목
· 의류, 신발, 액세서리, 향수, 굿즈, 포장식품(베이커리 포함) 등

○ 입점 불가 품목
· 음식점, 카페 등 직접 제조·조리 업종
· 시설·설비 설치 업종
※ 베이커리 분야는 사업자등록증상 ‘제과점’ 등록 사업자에 한함
※ 한시적 영업허가 필요 업종은 해당업체에서 직접 신청

○ 입점기업 조건
· 주 5일 이상, 하루 4시간 이상 운영
· 상품 판매·고객 응대·매장 관리
· 자체 홍보행사 1회 이상 운영
· SNS 콘텐츠 제작·게시
· 입점 전 교육·오픈식·성과공유회 참석",전남광주통합특별시,전남광주통합특별시,전남광주통합특별시,12150,68,승인
20260826005400213353,[여수]2026년 전남 청년 근속장려금 지원사업,일자리,취업,인턴,전라남도,여수시,온통청년,https://youth.gwangju.go.kr/www/50?siteId=www&policyId=1443&url=%2Fwww%2Fpolicy%2FgjYgPolicyView,,"○ 여수시 중소기업 취업 청년들의 장기근속 유도 및 정규직 일자리 취업 촉진을 위한 2026년 전남 청년 근속장려금 지원사업 참여기업 및 청년근로자 2차 모집 ○ 지원금
· 4년간 1인당 최대 2,000만원 지원
· 청년 1,500만원, 기업 500만원
○ 연차별 지원내용
· 취업장려금(1년차): 500만원(청년 300만원, 기업 200만원)
· 고용유지금(2년차): 450만원(청년 300만원, 기업 150만원)
· 근속장려금(3년차): 550만원(청년 400만원, 기업 150만원)
· 장기근속금(4년차): 500만원(청년 500만원)
○ 지원방법
· 분기별 지급
· 2차 선정자 1, 2분기 소급 지급",,20260824 ~ 20260828,2026-08-26,2026-08-27,2026-09-14,특정기간,기타,,,연중,18,45,Y,무관,0,0,,제한없음,제한없음,제한없음,제한없음,제한없음,계약(위탁운영),지자체,16,Y,N,,,"○ 신청방법
· 문서24
· 수신처: 전남광주통합특별시 여수시 기획경제국 경제일자리과","○ 대상자 선정
· 2026. 9. 16.까지 예정",☞ 자세한 내용은 붙임파일을 확인해주시기 바랍니다,,전남광주통합특별시,전남광주통합특별시,전남광주통합특별시,12130,134,승인
20260824005400113351,"희망사다리 장학사업(Ⅰ,Ⅱ유형)",교육･직업훈련,교육비지원,교육지원,정부산하기관및위원회,,온통청년,https://www.kosaf.go.kr,,"희망사다리 장학사업Ⅰ유형(중소기업 취업연계 장학금)
: 중소·중견기업 취업·창업(희망)자를 위한 장학금
희망사다리 장학사업Ⅱ유형(고졸 후학습자 장학금)
: 선취업 후학습을 희망하는 자를 위한 장학금
 1. 희망사다리 장학사업Ⅰ유형(중소기업 취업연계 장학금)
ㅇ 소개: 중소·중견기업 취업·창업(희망)자를 위한 장학금
ㅇ 신청기간: 2026. 9. 1.(화) 09:00 ~ 9. 18.(금) 18:00
ㅇ 지원유형
  - 취업지원형: 중소·중견기업 취업희망자 또는 기취업자
  - 창업지원형: 창업희망자 또는 기창업자
ㅇ 지원내용
  - 등록금 : 수혜 학기당 등록금 전액
  - 취업·창업지원금 : 수혜 학기당 200만 원
  ※ 학기 내 직무기초교육 이수자에 한하여 지원
ㅇ 지원자격
  - 대한민국 국적자로 선발학기 사업 참여대학에 재학 중인 자
  - 일반대 3학년 이상 또는 전문대 2학년 이상 재학생
  - 대학의 최소이수학점 이상을 이수하고, 직전학기 성적이 백분위 70점(C0) 이상인 자
ㅇ 장학생 의무사항
  - 매 학기 지급신용보험 가입을 위한 개인정보제공동의 필요
  - 수혜학기 이수(재학) 필수(휴학, 자퇴 등 학적변동 시 장학금 반환)
  - 직무기초교육 이수(이수자 대상으로 취업·창업지원금 지원)
  - 졸업 후 '수혜학기(횟수) x 6개월' 간 중소·중견기업에 취업 또는 창업 상태(재단이 정하는 기준 이상의 매출액 발생 필수) 유지
  ※ 자퇴 및 제적으로 인한 장학생 자격상실 시 전액 반환 필수(의무종사 불가)
2. 희망사다리 장학사업Ⅱ유형(고졸 후학습자 장학금)
ㅇ 소개: 선취업 후학습을 희망하는 자를 위한 장학금
ㅇ 신청 기간: 2026. 9. 1.(화) 09:00 ~ 9. 18.(금) 18:00 
  ※ 지역 인재(비수도권) 장학생 우대 선발 예정
ㅇ 지원 내용
  - 중소 및 중견기업 재직자 : 등록금 전액 지원
  - 대기업, 비영리기관 재직자 : 등록금 50% 지원
  ※ 사업 예산 범위 내 선발 배점이 높은 순으로 장학생 선발하여 지원
ㅇ 지원자격
  - 대한민국 국적자로 최종학력이 고졸인 대학교 재학생
  ※ 학위취득 전 2년 이상의 재직 경력이 있는 전문학사 취득자 지원 가능
  - 재직기간이 2년 이상인 자
  ※ 현 중소·중견기업 재직자는 1년 이상
  - 지원 대상 기업에 재직 중인 자
  ※ 지원 대상기업: 중소 및 중견기업, 대기업, 비영리기관(가족기관, 공공기관 등은 제외)
  - 직전학기 성적이 백분위 70점(C0) 이상인 자
ㅇ 의무사항
  - 수혜학기 이수(재학) 필수 ※ 휴학, 자퇴 등 학적변동 발생 시 장학금 전액 반환
  - 의무재직 이행 
  ※ 재직 인정기업에 '수혜학기(호시수) x 4개월' 간 재직 유지
  ※ 의무사항 미이행 시, 지원금액에 대한 반환 필요
ㅇ 문의처
  - 한국장학재단 누리집(www.kosaf.go.kr)
  - 희망사다리 상담센터(1800-0499)",,20260901 ~ 20260918,2026-08-24,2026-08-25,2026-09-14,특정기간,특정기간,20260901,20260918,,0,0,Y,무관,0,0,,제한없음,"재직자, 미취업자, (예비)창업자","고교 졸업, 대학 재학",제한없음,제한없음,공공기관,중앙부처,0,N,N,,,,,,자세한 내용은 한국장학재단 누리집(www.kosaf.go.kr)에서 확인하시기 바랍니다.,한국장학재단,,한국장학재단,"11110,11140,11170,11200,11215,11230,11260,11290,11305,11320,11350,11380,11410,11440,11470,11500,11530,11545,11560,11590,11620,11650,11680,11710,11740,12110,12130,12150,12170,12190,12210,12240,12270,12300,12330,12710,12720,12730,12740,12750,12760,12770,12780,12790,12800,12810,12820,12830,12840,12850,12860,12870,26110,26140,26170,26200,26230,26260,26290,26320,26350,26380,26410,26440,26470,26500,26530,26710,27110,27140,27170,27200,27230,27260,27290,27710,27720,28125,28155,28177,28185,28200,28237,28245,28275,28290,28710,28720,30110,30140,30170,30200,30230,31110,31140,31170,31200,31710,36110,41111,41113,41115,41117,41131,41133,41135,41150,41171,41173,41192,41194,41196,41210,41220,41250,41271,41273,41281,41285,41287,41290,41310,41360,41370,41390,41410,41430,41450,41461,41463,41465,41480,41500,41550,41570,41591,41593,41595,41597,41610,41630,41650,41670,41800,41820,41830,43111,43112,43113,43114,43130,43150,43720,43730,43740,43745,43750,43760,43770,43800,44131,44133,44150,44180,44200,44210,44230,44250,44270,44710,44760,44770,44790,44800,44810,44825,47111,47113,47130,47150,47170,47190,47210,47230,47250,47280,47290,47730,47750,47760,47770,47820,47830,47840,47850,47900,47920,47930,47940,48121,48123,48125,48127,48129,48170,48220,48240,48250,48270,48310,48330,48720,48730,48740,48820,48840,48850,48860,48870,48880,48890,50110,50130,51110,51130,51150,51170,51190,51210,51230,51720,51730,51750,51760,51770,51780,51790,51800,51810,51820,51830,52111,52113,52130,52140,52180,52190,52210,52710,52720,52730,52740,52750,52770,52790,52800",1583,승인
20260824005400213350,부산 남구 청년 창업 아이디어 경진대회,일자리,창업,"중소기업,벤처",부산광역시,,온통청년,https://www.bsnamgu.go.kr/index.namgu?menuCd=DOM_000000105001002000,,"초기 창업 아이디어를 가진 청년들이 아이디어를 실험하고 다듬을 수 있는 기회를 제공하고자 제2회 부산 남구 청년 창업 아이디어 경진대회를 개최합니다  (참가대상) 전국의 창업 아이디어를 가진 18~39세 미창업 또는 초기창업* 청년
                * 공고일 기준 사업자등록 3년 이내
 (참가형태) 개인 또는 팀*   
                * 대표자 포함 5명 이내
 (신청기간) 2026. 9. 7.(월) ~ 9. 18.(금) 18:00
 (모집분야) 제한없음
 (참가혜택) ① 예선통과 10명(팀) - 아이디어 고도화 지원금(50만원), 맞춤형 컨설팅
                ② 본선수상  3명(팀) - 남구청장상 4명(팀), 상금 최대 200만원
 (신청방법) 이메일 신청(jejecks@korea.kr)  ※ 공고문 내 서식 참조
 (문      의) 부산 남구 청년정책과(청년지원팀) 051-607-3681",,20260907 ~ 20260918,2026-08-24,2026-08-25,2026-09-14,특정기간,특정기간,20260820,20261116,,18,39,Y,무관,0,0,,제한없음,제한없음,제한없음,제한없음,제한없음,기타,지자체,0,N,,,,,,,,부산광역시 남구 행정자치국 청년정책과,,부산광역시 남구 행정자치국 청년정책과,"26110,26140,26170,26200,26230,26260,26290,26320,26350,26380,26410,26440,26470,26500,26530,26710",128,승인
20260824005400213349,[9월 마감] 2026년 구직청년 자격증 취득지원 사업 (10월 6일 10시 오픈 예정),교육･직업훈련,교육비지원,교육지원,전라남도,,온통청년,https://youth.gwangju.go.kr/www/50?formSeq=131&mapngColumn=policy_id&mapngId=1441&url=%2Fwww%2Fform%2FapplFormView,,"구직활동에 필요한 어학(능력)·자격증 시험 응시료 지원  ※ 단계별 시험(필기,실기 등)은 명칭과 상관 없이 합산 신청 가능(개별 신청하여 지급 완료 시, 당해 연도 추가 신청 및 소급 지원 불가)

❍ 지원분야
  - 한국사 및 어학능력시험 : 국사편찬위원회 주관 한국사 시험 및 어학능력시험 20종 
  - 국가기술자격증 : 「국가기술자격법」시행규칙 별표2에 따른 국가기술자격증
  - 국가전문자격증 : 한국산업인력공단(Q-net) 국가자격 종목별 상세정보 참고 /*자동차운전면허 제외
  - 국가공인자격증 : 민간자격정보서비스에 등록된 &apos;공인&apos;자격증 /* 민간자격정보서비스 상의 구분이 &quot;부분공인&quot;이라면 국가공인 등급(급수) 취득 및 해당 성적 달성 시에 한하여 지원 가능 /* 민간자격정보서비스 상의 구분이 &quot;등록&quot;이라면 지원 제외",,,2026-08-24,2026-09-03,2026-09-14,마감,기타,20260901,20261231,연중,19,39,Y,무관,0,0,,제한없음,제한없음,제한없음,제한없음,제한없음,계약(위탁운영),지자체,0,Y,N,,,시험 응시 → 전남광주통합특별시청년통합플랫폼 접수 → 제출 서류 확인 (자격심사 및 중복지원여부 조회) → 선정안내 및 만족도조사 → 지원금 지급(익월 10일),,"1. 주민등록표 초본: 신청월 발급본, 발생일/신고일 포함, 마지막장까지 제출
2. 건강보험 자격득실 확인서: 신청월 발급본, 발급시 조회 조건 전체
*건강보험 자격득실 확인서 가입자구분이 구분없음일 때 고용보험자격이력내역서로 대체 제출
3. 응시사실 증명서류: 응시 확인서 또는 성적표
*성명, 응시일, 자격종목(명) 등 확인할 수 있는 서류(시험 접수증, 수험표 불인정)
*민간자격정보서비스상 구분이 ‘부분공인’인 종목은 국가공인 자격증 사본 또는 공인 등급이 명시된 성적표 제출 
4. 결제영수증
*결제 금액, 일시, 승인번호, 거래처 등이 포함된 영수증(시험 사이트에서 발급된 영수증 불인정)
5. 통장 사본: 은행명, 성명, 계좌번호 표기

※ 서류 보완이 필요한 경우, 보완 요청을 할 수 있음(기한 내(보완요청일 기준 3일) 미제출시 부적격처리)",,전남광주통합특별시,전남광주통합특별시,전남광주통합특별시,"12210,12240,12270,12300,12330",342,승인
20260821005400113348,국가근로장학금,교육･직업훈련,교육비지원,교육지원,정부산하기관및위원회,,온통청년,https://www.kosaf.go.kr/,,"대학생의 안정적인 학업여건 조성과 취업역량 제고를 위한 장학금 2026년 2학기 2차 국가근로장학금 안내
ㅇ 신청대상: 대한민국 국적으로 국내 대학의 재학생
ㅇ 선발요건
- 직전학기 성적 70점/100점(C학점) 이상
※ 단, 학생이 장애인, 자립준비청년(구. 보호종료아동)인 경우 성적기준 적용 제외 가능
- 학자금 지원구간 9구간 이하
※ 단, 학부모 실·폐업 등 긴급 경제적 위기가구 학생, 봉사유형 및 취업연계유형 근로학생은 학자금 지원구간 적용 제외 가능
ㅇ 신청방법
  - 한국장학재단 누리집(www.kosaf.go.kr) 및 모바일 앱에서 신청
ㅇ 신청기간
  - (학생신청) '26. 8. 12.(수) 9시 ~ '26. 9. 9.(수) 18시
  - (서류제출 및 가구원 동의) '26. 8. 12.(수) 9시 ~ '26. 9. 16.(수) 18시
  ※ 주말 및 공휴일 포함 신청기간 내 24시간 신청 가능 (단, 마감일 제외)
ㅇ 장학금 시급
  - 교내근로: 10,320원
  - 교외근로: 12,790원
  ※ 단, 장애대학생 봉사유형에 한하여 교외근로 시급 적용: 12,790원(대학 대응투자 20% 이상)
ㅇ 문의처: 한국장학재단 상담센터(1599-2290)",,20260812 ~ 20260909,2026-08-21,2026-08-21,2026-09-14,특정기간,특정기간,20260812,20260916,,0,0,Y,무관,0,0,,제한없음,제한없음,대학 재학,제한없음,제한없음,공공기관,중앙부처,0,N,N,"- 직전학기 성적 70점/100점(C학점) 이상
※ 단, 학생이 장애인, 자립준비청년(구. 보호종료아동)인 경우 성적기준 적용 제외 가능
- 학자금 지원구간 9구간 이하
※ 단, 학부모 실·폐업 등 긴급 경제적 위기가구 학생, 봉사유형 및 취업연계유형 근로학생은 학자금 지원구간 적용 제외 가능",,"- 한국장학재단 누리집(www.kosaf.go.kr) 혹은 모바일 앱에서 신청(반드시 학생 본인이 신청)
- 사용 가능한 전자서명수단 한 가지 준비
- 신청 2~3일 후 한국장학재단 누리집 및 모바일 앱에서 제출 필요 서류 확인",,"서류제출 대상자는 온라인으로 서류 제출
- 누리집: 장학금 > 장학금 신청 > 서류제출 현황
- 모바일 앱: 장학금 > 서류제출",,한국장학재단,,한국장학재단,"11110,11140,11170,11200,11215,11230,11260,11290,11305,11320,11350,11380,11410,11440,11470,11500,11530,11545,11560,11590,11620,11650,11680,11710,11740,12110,12130,12150,12170,12190,12210,12240,12270,12300,12330,12710,12720,12730,12740,12750,12760,12770,12780,12790,12800,12810,12820,12830,12840,12850,12860,12870,26110,26140,26170,26200,26230,26260,26290,26320,26350,26380,26410,26440,26470,26500,26530,26710,27110,27140,27170,27200,27230,27260,27290,27710,27720,28125,28155,28177,28185,28200,28237,28245,28275,28290,28710,28720,30110,30140,30170,30200,30230,31110,31140,31170,31200,31710,36110,41111,41113,41115,41117,41131,41133,41135,41150,41171,41173,41192,41194,41196,41210,41220,41250,41271,41273,41281,41285,41287,41290,41310,41360,41370,41390,41410,41430,41450,41461,41463,41465,41480,41500,41550,41570,41591,41593,41595,41597,41610,41630,41650,41670,41800,41820,41830,43111,43112,43113,43114,43130,43150,43720,43730,43740,43745,43750,43760,43770,43800,44131,44133,44150,44180,44200,44210,44230,44250,44270,44710,44760,44770,44790,44800,44810,44825,47111,47113,47130,47150,47170,47190,47210,47230,47250,47280,47290,47730,47750,47760,47770,47820,47830,47840,47850,47900,47920,47930,47940,48121,48123,48125,48127,48129,48170,48220,48240,48250,48270,48310,48330,48720,48730,48740,48820,48840,48850,48860,48870,48880,48890,50110,50130,51110,51130,51150,51170,51190,51210,51230,51720,51730,51750,51760,51770,51780,51790,51800,51810,51820,51830,52111,52113,52130,52140,52180,52190,52210,52710,52720,52730,52740,52750,52770,52790,52800",951,승인
20260821005400213346,[광산구]청년 노동자 주거 지원사업 참여기업 모집,주거,전월세 및 주거급여 지원,주거지원,전라남도,광산구,온통청년,https://youth.gwangju.go.kr/www/50?siteId=www&policyId=1440&url=%2Fwww%2Fpolicy%2FgjYgPolicyView,,"기업, 노동자, 시민사회 및 지방정부가 협력하여 일자리 질을 개선하고 ‘일하기 좋고, 청년이 머무는 광산’ 만들기를 위한 「청년 노동자 주거 지원사업」의 참여기업을 모집합니다. ○ 주거비 지원
· 청년 1인당 월 최대 50만원씩 최소 2년간 지원
· 협약갱신을 통해 2년 단위로 지원기간 연장 가능
· 최대 8년 지원 가능
· 실제 부담하는 주택임차비를 월 최대 50만원까지 매월 지원
· 주택임차비에 월세, 전세이자 등 포함
· 임차보증금, 관리비 제외",,20260818 ~ 20260903,2026-08-21,2026-08-21,2026-09-14,특정기간,기타,,,연중,15,39,Y,무관,0,0,,제한없음,제한없음,제한없음,제한없음,제한없음,계약(위탁운영),지자체,0,Y,N,,,"○ 접수방법
· 오프라인(방문 또는 우편(등기)) 또는 온라인(이메일) 접수
· 우편 접수는 등기로 할 것
· 접수는 마감일 18:00까지 도착분에 한함
· 제출 후 확인 전화
○ 접수처
· 광산구청년노동자주거지원센터
· 방문·우편: 전남광주통합특별시 서구 대남대로 465 광주상공회의소 604호(내일엔)
· 온라인: 이메일(mojankim@naver.com)",,☞ 자세한 내용은 붙임파일을 확인해주시기 바랍니다,,전남광주통합특별시,전남광주통합특별시,전남광주통합특별시,12330,318,승인
20260820005400213342,창업전문가 특강 “취업? 창업!”,일자리,창업,인턴,전라남도,,온통청년,https://youth.gwangju.go.kr/www/50?siteId=www&policyId=1436&url=%2Fwww%2Fpolicy%2FgjYgPolicyView,,"지역 기반 청년 창업자를 발굴하고 체계적인 성장을 지원하기 위한 「서구 창업전문가 특강」을 아래와 같이 개최하오니, 많은 관심과 참여 바랍니다. 취업과 창업이 고민되는 누구에게나 도움이 되는 강의와 현장 Q&A 를 진행할 예정입니다.

※ 행사일시 : 2026. 8. 26.(수) 14:00     - [특강Ⅰ] 노점상에서 중견기업까지! 와이마트 성공스토리

    - [특강 Ⅱ] 300만원 월급쟁이가 400억 매출 사장되기

    - 즉문즉답 현장 Q&A",,20260814 ~ 20260825,2026-08-20,2026-08-21,2026-09-14,특정기간,기타,,,연중,19,39,Y,무관,0,0,,제한없음,제한없음,제한없음,제한없음,제한없음,계약(위탁운영),지자체,0,Y,N,,,신청 (선착순) - 선정 안내 문자 발송,,,,전남광주통합특별시,전남광주통합특별시,전남광주통합특별시,12240,60,승인
20260818005400213338,2026년 서구 청년 플러스 데이,일자리,취업,인턴,전라남도,,온통청년,https://youth.gwangju.go.kr/www/50?siteId=www&policyId=1429&url=%2Fwww%2Fpolicy%2FgjYgPolicyView,,"○ 취업 지원 관련 정책 (국민취업지원제도, 구직등록 등) 상담 및 현장 연계
○ 서구 청년 정책 및 현장 체험 프로그램(취업타로, 과일샌드위치 만들기) 참여
 ○ 취업 지원 관련 정책 (국민취업지원제도, 구직등록 등) 상담 및 현장 연계
○ 서구 청년 정책 및 현장 체험 프로그램(취업타로, 과일샌드위치 만들기) 참여
○ 부스 참여 및 사전 예약(네이버폼) 이벤트",,20260810 ~ 20260820,2026-08-18,2026-08-19,2026-09-14,특정기간,기타,,,연중,19,39,Y,무관,0,0,,제한없음,제한없음,제한없음,제한없음,제한없음,계약(위탁운영),지자체,0,Y,N,,,신청 - 안내 문자 수령 - 행사 참여,,,,전남광주통합특별시,전남광주통합특별시,전남광주통합특별시,12240,82,승인
20260818005400213337,2027년 청년농업인 창업 스케일업(성장) 지원사업,일자리,창업,인턴,전라남도,,온통청년,https://youth.gwangju.go.kr/www/50?siteId=www&policyId=1430&url=%2Fwww%2Fpolicy%2FgjYgPolicyView,,"○ 2027년 청년농업인 창업 스케일업(성장) 지원사업 대상자 선정
· 관심있는 창농기업 신청 접수
· 창농기업: 농업·농촌 연계 부가가치 창출 창업기업 ○ 개소당 150백만 원
· 시비 30%, 시군비 50%, 자부담 20%

○ 생산비 절감 및 보유기술 확보 지원
· 시설·장비 구축
· 투자유치 역량 강화
· 경영 컨설팅
· 마케팅·판로개척 등 브랜드 고도화 지원",,20260728 ~ 20260916,2026-08-18,2026-08-19,2026-09-14,특정기간,기타,,,연중,18,45,Y,무관,0,0,,제한없음,제한없음,제한없음,제한없음,제한없음,계약(위탁운영),지자체,0,Y,N,,,"○ 1단계 : 대상자 모집 : 2026. 7. 28. ~ 9. 16.
 - 추진기관 : 시군 농업기술센터

○ 2단계 : 시군심사 및 추천 : 2026. 9. 17. ~ 9. 23.
 - 추진기관 : 시군 농업기술센터

○  3단계 : 특별시 평가 
 - 추진기관 : 전남광주통합특별시 농업기술",,☞ 자세한 내용은 붙임파일을 확인해주시기 바랍니다,"○ 유의사항
· 신청자격 반드시 확인
· 사업대상자 모집공고 기간은 30일 이상 공고
· 자치단체의 예산 여건을 사전에 확인 후 추천",전남광주통합특별시,전남광주통합특별시,전남광주통합특별시,"12110,12130,12150,12170,12190,12710,12720,12730,12740,12750,12760,12770,12780,12790,12800,12810,12820,12830,12840,12850,12860,12870",149,승인
20260818005400213336,2026년 고흥군 청년 귀어가 정착어장,일자리,취업,인턴,전라남도,고흥군,온통청년,https://youth.gwangju.go.kr/www/50?siteId=www&policyId=1432&url=%2Fwww%2Fpolicy%2FgjYgPolicyView,,"○ 청년 귀어가 정착어장 공모
· 귀어‧귀촌을 희망하는 도시민들이 어촌지역에 안정적으로 정착할 수 있도록 어업을 경영하고자 하는 청년 귀어가에게 삶의 터전 마련 ○ 김 양식어업 면허지 공모
· 해조류양식 / 부류식 / 김
· 김 양식어업 면허지 3건/55.63ha에 대해 3명 모집",,20260813 ~ 20260827,2026-08-18,2026-08-19,2026-09-14,특정기간,기타,,,연중,18,49,Y,무관,0,0,,제한없음,제한없음,제한없음,제한없음,제한없음,계약(위탁운영),지자체,3,Y,N,,,"○ 제출처
· 고흥군 수산정책과 양식산업팀
· 우편, 방문접수
※ 방문접수: 공모기간 마감일(8월 27일) 18시까지 인정
※ 우편접수: 공모기간 마감일(8월 27일) 소인분까지 인정",,☞ 자세한 내용은 붙임파일을 확인해주시기 바랍니다,"○ 선정 제외대상
· 청년 귀어가 정착어장 기 선정자
· 병역 미필자, 고등학교․대학 등에 재학 중이거나 휴학 중인 자
· 공고시작일 기준, 공무원, 교사, 공기업, 정부 및 지자체 출연기관․농(축)․수․산림조합 및 일반회사 등 재직자
· 보조사업 수행 대상에 배제되거나 제한받고 있는 자",전남광주통합특별시,전남광주통합특별시,전남광주통합특별시,12740,114,승인
20260813005400213335,청년도전지원사업 단기 3기·4기 프로그램 참여자 모집,일자리,취업,인턴,전라남도,,온통청년,https://youth.gwangju.go.kr/www/50?siteId=www&policyId=1427&url=%2Fwww%2Fpolicy%2FgjYgPolicyView,,"○ 청년도전지원사업 단기 프로그램 참여자 모집
· 5주 동안 자신을 돌아보고 자신감을 회복하며, 진로 탐색과 취업 준비를 단계적으로 지원하는 맞춤형 프로그램
· 취업 준비의 첫걸음을 시작하고 싶은 청년 대상 프로그램 ○ 프로그램
· 밀착상담
· 사례관리
· 진로탐색
· 자신감회복
· 취업역량강화

○ 참여수당
· 5주 40시간 참여수당 50만원",,20260807 ~ 20260930,2026-08-13,2026-08-14,2026-09-14,특정기간,기타,,,연중,18,39,Y,무관,0,0,,제한없음,제한없음,제한없음,제한없음,제한없음,계약(위탁운영),지자체,0,Y,N,,,"○ 온라인 신청
· 모집 포스터 QR코드 접속
· 고용24에서 ‘청년도전지원사업’ 검색 후 운영기관 ‘광산구청년도전지원센터’ 선택

○ 방문 신청
· 광산구 청년도전지원센터 방문 접수
· 광주광역시 광산구 하남대로 135, 4층",,,"○ 운영장소
· 단기 3기: 첨단종합사회복지관 내 청청플랫폼
· 단기 4기: 광산구 청년도전지원센터",전남광주통합특별시,전남광주통합특별시,전남광주통합특별시,12330,383,승인
20260812005400213330, 「2026년 청년 창업 성장 육성 프로젝트 지원사업」 청년창업자 모집 공고 ,일자리,창업,인턴,전라남도,,온통청년,https://www.donggu.kr/board.es?mid=a10101010000&amp;bid=0001#content,,"창업 성장기에 접어든 청년 창업자의 안정적인 시장 안착과 지속 가능한 성장 기반 마련을 지원하기 위하여
「2026년 청년 창업 성장 육성 프로젝트 지원사업」의 참여자를 다음과 같이 모집하오니 많은 신청 바랍니다.  ❍ 지원 내용
  - 공통 역량강화 프로그램 
  - 온라인 마케팅 및 sns홍보 지원
   1. 온라인 마케팅 및 홍보비(기업 당 1,000천원) 지원
   2. 전문업체를 통한 선정기업 맞춤형 온라인 홍보콘텐츠 제작 지원",,,2026-08-12,2026-09-03,2026-09-14,마감,기타,20260810,20261230,연중,19,39,Y,무관,0,0,,제한없음,제한없음,제한없음,제한없음,제한없음,계약(위탁운영),지자체,0,Y,N,,,"□ 신청접수
 ❍ 신청기간 : 2026. 8. 10.(월) ~ 8. 28.(금) 18:00 까지  
 ❍ 신청방법 : 이메일 (bunnyqu@korea.kr) 접수 ※ 이메일 접수 후 반드시 수신 여부 확인
  - 신청서 및 사업계획서는 HWP 파일과 PDF 파일을 함께 제출하여야 함"," ※ 상기 심사 방법 및 일정은 사정에 따라 일부 변경될 수 있습니다

 ① 1차 신청자격 적격 심사(’26. 8. 31. ~ 9. 3. ) 
 ❍ 제출서류를 기준으로 신청자격 충족 및 제외 대상 해당 여부 확인
 ❍ 심사는 별도 배점 없이 적격 또는 부적격으로 판정 

 ② 2차 사업계획서 심사( ’26. 9. 9. 예정)
 ❍ 선정심사위원회에서 제출된 사업계획서를 기준으로 평가
 ❍ 심사위원회는 내·외부 전문가 등 4인 이내로 구성
 ❍ 사업의지, 지원 필요성, 사업추진 적합성, 성장 가능성 등을 종합적으로 평가

③ 대상자 선정 
❍  2차 심사 결과 고득점자 순으로 최종 대상자를 선정합니다
❍ 동점자가 발생하는 경우 다음 순서에 따라 우선 선정합니다.
  - 동구 거주자 &gt; 창업 업력 &gt; 연매출액 

④ 선정자 발표
❍  발표일자 : 2026. 9. 11.(금) 예정
❍ 발표방법 : 동구 홈페이지 게시 및 개별 통보","①제출 서류 목록 ②사업 신청서 ③사업계획서 ④개인정보 수집 이용제공 동의서 
⑤성실의무 이행확약서 ⑥사업자등록증명원 ⑦법인등기부등본(법인일 시) ⑧주민등록 
 초본(최근 5년, 주민번호 표시) ⑨사실증명 ⑩2025년 부가가치세 과세표준증명원 
⑪국세 완납증명서 ⑫지방세 완납증명서 ⑬고용보험 자격이력 내역서 ⑭창업 관련 자격증, 수료증 등","❍ 지원 제외 대상

◦ 당해연도 정부(중앙, 지방), 공공기관의 창업지원 사업에 중복 수혜를 받고 있는 자
    (예시) 창업지원 관련사업(예시: 2026년 빈집(빈점포) 청년창업 채움 프로젝트, 지역자원연계 창업
     지원사업 등)의 창업 관련 지원 사업
 ◦ 국세 또는 지방세 체납자
 ◦ 보조금 취지상 지원이 적합하지 않은 업종의 창업을 희망하는 자
   - 「중소기업창업 지원법」 시행령 제4조(창업에서 제외되는 업종) 등 적용
 
 지원 제외업종(자세한 사항 하단 코드번호 참조)
   ① 프랜차이즈, ② 단란•유흥주점, ③ 부동산업, 금융 및 보험업  ④ 숙박업 
   ⑤ 사회통념상 유해하다고 판단되는 업종  ⑥ 기타 부적합하다고 판단되는 업종은 제외

 ◦ 공고일 기준 고용보험 가입자 및 휴업 중 인 자(기업)
 ◦ 공고일 기준 최근 1년 이내 동일 업종을 폐업한 후 동일 업종으로 재 창업한 자
 ※ 다만, 사업 목적상 필요하다고 인정되는 경우 예외 인정 가능
 ◦ 기타 동구청장이 참여제한의 사유가 있다고 인정하는 자(또는 기업)
 ※ 공동대표 또는 각자대표로 구성된 기업은 대표자 전원이 ‘지원조건’을 갖추고‘지원 제외 
    대상’에 해당되지 않아야 함.       ",전남광주통합특별시,전남광주통합특별시,전남광주통합특별시,12210,233,승인
20260810005400113328,산림산업 창업지원_청년 산림창업가 시너지캠프,일자리,창업,"맞춤형상담서비스,벤처",정부산하기관및위원회,,온통청년,https://forms.gle/mQZEGDmkF9JUAyYS8,https://www.kofpi.or.kr/notice/notice_01view.do,"산림분야 청년들의 창업 역량강화 및 신규시장 진입을 지원하기 위해 ‘2026년 청년 산림창업가 시너지캠프’ 개최 🌳 2026 청년 산림창업가 시너지캠프 참가자 모집 🌳
산림분야 청년들의 창업 역량강화 및 신규시장 진입을 지원하기 위해 ‘2026년 청년 산림창업가 시너지캠프’를 개최합니다. 
아래 내용을 확인하시고 관심 있는 청년들의 많은 지원 바랍니다.

📌 행사 안내
✔ 행 사 명 : 2026년 청년 산림창업가 시너지캠프
✔ 일 시 : 2026. 9. 3.(목) ~ 9. 4.(금), 1박 2일
✔ 장 소 : 국립대전숲체원 (대전광역시 유성구 숲체원로 124)
✔ 모집인원 : 산림분야 청년 (예비·초기) 창업자 30명 (공고일 기준 만 19세 ~ 39세 이하)
✔ 주요내용 : ① 산림분야 신생 창업기업 전문가 특강 ② 6대 핵심분야(사업모델 고도화, 고객발굴, 마케팅, 지원사업 활용, 공공시장 진출 전략, 투자유치) 그룹별 멘토링 ③ 선배 창업자와의 상호소통 강연 및 1:1 상담부스 운영
✔ 혜 택 :
참가비 전액 무료 지원 (숙소 및 식비 포함)
2027년도 청년 산림창업 마중물 지원사업 서류 가점 부여
✔ 접수기간 : 2026. 8. 10.(월) ~ 8. 25.(화) (신청서 작성 후 구글폼 제출, 추첨을 통한 선정)
신청 접속 링크 : https://forms.gle/mQZEGDmkF9JUAyYS8
✔ 선정발표 : 2026. 8. 27.(목) ~ 8. 31.(월) 최종 선정자 대상 개별 안내 예정
요청 자료(신청서 등) 미제출 시 선정이 취소될 수 있습니다.
✔ 문 의 처 : 시너지캠프 운영사무국 (☎ 070-4640-0333)",,20260810 ~ 20260825,2026-08-10,2026-08-11,2026-09-14,특정기간,특정기간,20260903,20260904,,19,39,N,무관,0,0,,제한없음,(예비)창업자,제한없음,제한없음,제한없음,프로그램,중앙부처,30,N,N,,,"신청서 작성 후 구글폼 제출, 추첨을 통한 선정","선정 발표: 2026. 8. 27.(목) ~ 8. 31.(월) (최종 선정자 대상 개별 안내 예정)
* 요청 자료(신청서 등) 미제출 시 선정이 취소될 수 있음",[붙임] 시너지캠프 신청서 작성 및 구글폼(신청사이트 URL) 제출,,산림청,한국임업진흥원,한국임업진흥원,"11110,11140,11170,11200,11215,11230,11260,11290,11305,11320,11350,11380,11410,11440,11470,11500,11530,11545,11560,11590,11620,11650,11680,11710,11740,12110,12130,12150,12170,12190,12210,12240,12270,12300,12330,12710,12720,12730,12740,12750,12760,12770,12780,12790,12800,12810,12820,12830,12840,12850,12860,12870,26110,26140,26170,26200,26230,26260,26290,26320,26350,26380,26410,26440,26470,26500,26530,26710,27110,27140,27170,27200,27230,27260,27290,27710,27720,28125,28155,28177,28185,28200,28237,28245,28275,28290,28710,28720,30110,30140,30170,30200,30230,31110,31140,31170,31200,31710,36110,41111,41113,41115,41117,41131,41133,41135,41150,41171,41173,41192,41194,41196,41210,41220,41250,41271,41273,41281,41285,41287,41290,41310,41360,41370,41390,41410,41430,41450,41461,41463,41465,41480,41500,41550,41570,41591,41593,41595,41597,41610,41630,41650,41670,41800,41820,41830,43111,43112,43113,43114,43130,43150,43720,43730,43740,43745,43750,43760,43770,43800,44131,44133,44150,44180,44200,44210,44230,44250,44270,44710,44760,44770,44790,44800,44810,44825,47111,47113,47130,47150,47170,47190,47210,47230,47250,47280,47290,47730,47750,47760,47770,47820,47830,47840,47850,47900,47920,47930,47940,48121,48123,48125,48127,48129,48170,48220,48240,48250,48270,48310,48330,48720,48730,48740,48820,48840,48850,48860,48870,48880,48890,50110,50130,51110,51130,51150,51170,51190,51210,51230,51720,51730,51750,51760,51770,51780,51790,51800,51810,51820,51830,52111,52113,52130,52140,52180,52190,52210,52710,52720,52730,52740,52750,52770,52790,52800",712,승인
20260810005400213327,2026년 청년 IT 자격증 취득지원 프로그램 수강생 모집,일자리,창업,인턴,전라남도,,온통청년,https://youth.gwangju.go.kr/www/50?siteId=www&policyId=1420&url=%2Fwww%2Fpolicy%2FgjYgPolicyView,,"2026년 9월 2일부터 10월 16일까지 청년들의 역량 제고 및 취업경쟁력 향상을 위해 청년IT자격증 취득지원 프로그램을 운영하오니 많은 관심과 참여 바랍니다. ○ AI시대 새로운 기회 창업 아카데미
· AI 창업트렌드
· 노코드 기반 시제품 개발
· AI활용 비즈니스 모델
· AI 발표자료 제작
· 정부지원사업 로드맵
· 수·목요일 저녁 6시~9시, 10회차

○ AI콘텐츠 크리에이터 양성교육
· AI 이미지 제작 &amp; 3D 에셋 추출
· 포토그래메트리 3D 생성 &amp; 가공
· AI 시나리오 &amp; 영상제작 테크닉
· 수요일·금요일 14:00~17:00, 10회차
· 수강료 무료",,20260901 ~ 20260916,2026-08-10,2026-09-03,2026-09-14,특정기간,기타,20260901,20261016,연중,19,39,Y,무관,0,0,,제한없음,제한없음,제한없음,제한없음,제한없음,계약(위탁운영),지자체,20,Y,N,,,"○ 신청방법
· QR신청 또는 문의처로 연락
· 방문접수: 남구청 일자리정책과 청년정책팀
· 이메일접수: dbswl0980@korea.kr",,,,전남광주통합특별시,전남광주통합특별시,전남광주통합특별시,12270,374,승인
20260810005400213326,사회연대경제 청년 일경험사업 시범사업(3차),일자리,취업,인턴,전라남도,,온통청년,https://m.site.naver.com/29ZAK,,"○ 사회연대경제 청년 일경험 시범사업 참여청년 3차 모집
· 미취업 청년에게 사회연대경제 분야 일경험 기회 제공
· 노동시장 진입 기반 마련
· 진로탐색 및 직무역량 강화 지원 ○ 직무교육
· 교육시간: 총 20시간(1일 최대 8시간 편성)
· 교육내용: 사회연대경제 이해 및 직무 기초역량 강화, 참여청년 직무 분야별 실무교육, 진로 연계 등
· 수료기준: 교육시간의 90% 이상 출석

○ 일경험 프로그램
· 근로기간: 2026. 8. 24. ~ 2027. 1. 23.
· 근로시간: 주 5일(주 40시간), 1일 8시간(9:00~18:00)
· 휴게시간: 12:00~13:00(1시간)
· 임금수준: 월 234만원(유급주휴 포함, 세전)
· 급여공제: 근로소득세, 지방소득세, 근로자 부담 4대 보험료 등

○ 청년밀착형 프로그램
· 상시상담: 현장적응 지원, 고충 상담, 진로탐색, 심리･정서적 안정 지원

○ 멘토링 프로그램
· 진로탐색: 직무수행, 진로탐색 등을 지원하기 위한 1:1 멘토 지정",,20260807 ~ 20260813,2026-08-10,2026-08-11,2026-09-14,특정기간,기타,20260824,20270123,연중,19,39,Y,무관,0,0,,제한없음,제한없음,제한없음,제한없음,제한없음,계약(위탁운영),지자체,0,Y,N,,,"○ 신청방법
· 고용24 온라인신청
· https://m.site.naver.com/29ZAK",,☞ 자세한 내용은 붙임파일을 확인해주시기 바랍니다,"○ 참여제한
· 사업자등록이 있는 자
· 타 부처 또는 지방정부의 취업 관련 지원사업에 참여 중인 자
· 참여 신청일 기준 6개월 내 해당 참여기업에서 근무한 이력이 있는 자
· 배우자, 직계존비속 또는 형제자매가 참여기업 사업주(대표자)인 자
· 허위 기타 부정한 방법으로 정부(국가·지방정부) 일경험 사업에 참여한 자
· 단순 변심으로 청년 일경험 사업에 참여하여 2회 이상 중도이탈한 자
· 대한민국 국적을 보유하지 않은 자",전남광주통합특별시,전남광주통합특별시,전남광주통합특별시,"12110,12130,12150,12170,12190,12210,12240,12270,12300,12330,12710,12720,12730,12740,12750,12760,12770,12780,12790,12800,12810,12820,12830,12840,12850,12860,12870",208,승인
20260806005400213323,「광산형 당신근처일자리」 지속일자리 분야(3기),일자리,취업,인턴,전라남도,광산구,온통청년,https://youth.gwangju.go.kr/www/50?policyId=1417&url=%2Fwww%2Fpolicy%2FgjYgPolicyView,,"○ 지역 기반 민간플랫폼(당근)을 활용하여 내 집 근처 공공일자리 참여
· 다양한 일 경험과 참여에 따른 보상 지급 ○ 공공일자리 참여
· 개별입지 현황조사, 활력옷장 2호점 운영, 이동노동자 쉼터 ‘쉬소’ 관리, 작은도서관 활동가, 더하기센터 운영지원, 가로환경 정비, 생활폐기물 불법투기 지킴이 활동가, 행정복지센터 주차관리, 민원 행정업무 보조 등

○ 수당조건
· 시간당 13,303원(생활임금)",,20260812 ~ 20260814,2026-08-06,2026-08-06,2026-09-14,특정기간,기타,,,연중,18,99,Y,무관,0,0,,제한없음,제한없음,제한없음,제한없음,제한없음,계약(위탁운영),지자체,25,Y,N,,,"○ 신청방법
· <당근앱>을 통한 신청
· 1인 1곳만 신청 가능

○ 신청경로
· 핸드폰 ⇨ 앱스토어 ⇨ 당근앱 다운 ⇨ 당근앱 클릭 ⇨ 알바 ⇨ 배너 <광산구청 지속, 단기 일자리 지원하세요> 클릭 ⇨ 지원",,,,전남광주통합특별시,전남광주통합특별시,전남광주통합특별시,12330,243,승인
20260806005400213321,서구 청년 천원 복비(부동산 중개보수) 지원사업,주거,전월세 및 주거급여 지원,주거지원,전라남도,,온통청년,https://youth.gwangju.go.kr/www/50?siteId=www&policyId=1416&url=%2Fwww%2Fpolicy%2FgjYgPolicyView,,"○ 무주택 청년 주거 이동 빈도 증가로 인한 초기 정착비용 부담 완화
○ 청년의 안정적인 주거 정착 지원 ○ 주택 임대차 중개보수 지원
· 최대 30만원 이내 지원
· 본인부담금 1천원 제외 금액 지급
· 전남광주통합특별시 서구 소재 거래금액 1억원 이하 주택 임대차계약 체결 건
· 신청인 중개보수 우선 지급 후 증빙서류 제출 시 지원",,20260701 ~ 20261231,2026-08-06,2026-09-10,2026-09-14,특정기간,기타,20260701,20261231,연중,19,39,Y,무관,0,0,,제한없음,제한없음,제한없음,제한없음,제한없음,계약(위탁운영),지자체,0,Y,N,,,"○ 신청인
· 대상자 본인 및 대리인(가족)
○ 접수방법
· 방문: 동행정복지센터
· 온라인: 일자리청년지원과 온라인 접수
· 이메일: satang2526@korea.kr",,☞ 자세한 내용은 붙임파일을 확인해주시기 바랍니다,,전남광주통합특별시,전남광주통합특별시,전남광주통합특별시,12240,535,승인
20260803005400213315,청년온가 2026년 정기 입주자 모집 재공고,주거,주택 및 거주지,주거지원,전라남도,,온통청년,https://blog.naver.com/youth-onga/224285460127,,"광산구가 미취업청년의 성공적인 자립과 미래를 위해 준비한 청년 빌드업스테이 광산청년온(溫)가(家)에서 2026년 정기 입주자를 아래와 같이 모집하오니 미취업 청년들의 많은 관심과 도전 바랍니다.

□ 모집개요

o 모집대상 : 미취업 청년(19~39세) 총 3명(남성·여성 청년 총 3명)

o 모집기간 : 2026. 5. 14.(목) ~ 충원 시 까지

o 내 용

- 청년 1인 1호실 독립공간 무료 제공

- 자립역량 교육 : 혼밥 식단관리, 개별 심리상담, 동아리활동 지원, 재무관리, 구 직기술 및 직무역량 강화 등

- 취업역량교육 : 청년정책 사업 연계, 구직활동 지도, 일경험 프로그램 운영

o 신청방법 : 이메일 접수(youth-onga@naver.com)

o 문 의 처 : ☎062-710-7717 (광산 청년온가) o 내 용

- 청년 1인 1호실 독립공간 무료 제공

- 자립역량 교육 : 혼밥 식단관리, 개별 심리상담, 동아리활동 지원, 재무관리, 구 직기술 및 직무역량 강화 등

- 취업역량교육 : 청년정책 사업 연계, 구직활동 지도, 일경험 프로그램 운영
[출처] 청년온가 2026년 정기 입주자 모집 재공고|작성자 광산 청년온가",,,2026-08-03,2026-08-04,2026-09-14,마감,기타,20260730,20261231,연중,19,39,Y,무관,0,0,,제한없음,제한없음,제한없음,제한없음,제한없음,계약(위탁운영),지자체,0,Y,N,,,o 신청방법 : 이메일 접수(youth-onga@naver.com),,,,전남광주통합특별시,전남광주통합특별시,전남광주통합특별시,"12110,12130,12150,12170,12190,12210,12240,12270,12300,12330,12710,12720,12730,12740,12750,12760,12770,12780,12790,12800,12810,12820,12830,12840,12850,12860,12870",339,승인
20260731005400213314,[8월 마감] 2026년 구직청년 자격증 취득지원 사업(9월 1일 10시 접수 예정),교육･직업훈련,교육비지원,교육지원,전라남도,,온통청년,https://youth.gwangju.go.kr/www/50?formSeq=130&mapngColumn=policy_id&mapngId=1408&url=%2Fwww%2Fform%2FapplFormView,,"구직활동에 필요한 어학(능력)·자격증 시험 응시료 지원  ※ 단계별 시험(필기,실기 등)은 명칭과 상관 없이 합산 신청 가능(개별 신청하여 지급 완료 시, 당해 연도 추가 신청 및 소급 지원 불가)

❍ 지원분야
  - 한국사 및 어학능력시험 : 국사편찬위원회 주관 한국사 시험 및 어학능력시험 20종 
  - 국가기술자격증 : 「국가기술자격법」시행규칙 별표2에 따른 국가기술자격증
  - 국가전문자격증 : 한국산업인력공단(Q-net) 국가자격 종목별 상세정보 참고 /*자동차운전면허 제외
  - 국가공인자격증 : 민간자격정보서비스에 등록된 &apos;공인&apos;자격증 /* 민간자격정보서비스 상의 구분이 &quot;부분공인&quot;이라면 국가공인 등급(급수) 취득 및 해당 성적 달성 시에 한하여 지원 가능 /* 민간자격정보서비스 상의 구분이 &quot;등록&quot;이라면 지원 제외",,,2026-07-31,2026-08-06,2026-09-14,마감,기타,20260803,20261231,연중,19,39,Y,무관,0,0,,제한없음,제한없음,제한없음,제한없음,제한없음,계약(위탁운영),지자체,0,Y,N,,,시험 응시 → 전남광주통합특별시청년통합플랫폼 접수 → 제출 서류 확인 (자격심사 및 중복지원여부 조회) → 선정안내 및 만족도조사 → 지원금 지급(익월 10일),,"1. 주민등록표 초본: 신청월 발급본, 발생일/신고일 포함, 마지막장까지 제출
2. 건강보험 자격득실 확인서: 신청월 발급본, 발급시 조회 조건 전체
*건강보험 자격득실 확인서 가입자구분이 구분없음일 때 고용보험자격이력내역서로 대체 제출
3. 응시사실 증명서류: 응시 확인서 또는 성적표
*성명, 응시일, 자격종목(명) 등 확인할 수 있는 서류(시험 접수증, 수험표 불인정)
*민간자격정보서비스상 구분이 ‘부분공인’인 종목은 국가공인 자격증 사본 또는 공인 등급이 명시된 성적표 제출 
4. 결제영수증
*결제 금액, 일시, 승인번호, 거래처 등이 포함된 영수증(시험 사이트에서 발급된 영수증 불인정)
5. 통장 사본: 은행명, 성명, 계좌번호 표기

※ 서류 보완이 필요한 경우, 보완 요청을 할 수 있음(기한 내(보완요청일 기준 3일) 미제출시 부적격처리)",,전남광주통합특별시,전남광주통합특별시,전남광주통합특별시,"12210,12240,12270,12300,12330",1427,승인
20260729005400213313,전남광주 기후에너지 JOB 스쿨 참가자 모집,일자리,취업,인턴,전라남도,광주시,온통청년,https://forms.gle/2qzzCSAu5EyaEEJi7,,"○ 기후에너지 분야 직업 탐색 프로그램
· 지역 대학생 및 청년 대상 기후·에너지 관련 직업 및 취업정보, 최신 트렌드 파악 교육 과정 운영
· 교육명: 전남광주 기후에너지 JOB 스쿨 ○ 교육비 무료

○ 참여혜택
· 전체의 80%(13시간) 이상 수강 시 기후에너지진흥원장 명의 이수증 발급
· 점심 식사, 교육 교재 및 현장 탐방 차량 지원

○ 교육 프로그램
· 이론강의: 광주기후에너지진흥원 소개 및 탐방, 차세대 에너지 리터러시, AI 시대의 전기 에너지, 기후테크 스타트업 사례
· 현장탐방: 한국전력공사·한전KDN, 한국에너지공단 광주전남지역본부, ㈜레플러스·RE100 메가스테이션
· 취업정보: 생성형 AI 활용 취업전략",,20260723 ~ 20260806,2026-07-29,2026-07-29,2026-09-14,특정기간,기타,,,연중,19,39,Y,무관,0,0,,제한없음,제한없음,제한없음,제한없음,제한없음,계약(위탁운영),지자체,0,Y,N,,,○ 신청방법 : 온라인 신청(선착순) / https://forms.gle/2qzzCSAu5EyaEEJi7,○ 2026. 08. 07.(금) / 홈페이지 및 개별 공고,☞ 자세한 내용은 붙임파일을 확인해주시기 바랍니다,,전남광주통합특별시,전남광주통합특별시,전남광주통합특별시,"12110,12130,12150,12170,12190,12210,12240,12270,12300,12330,12710,12720,12730,12740,12750,12760,12770,12780,12790,12800,12810,12820,12830,12840,12850,12860,12870",192,승인
20260728005400213308,[남구] 구직청년 증명사진 촬영지원,일자리,취업,인턴,전라남도,,온통청년,https://www.namgu.gwangju.kr/board.es?mid=a10604010000&bid=0001,,"[남구] 구직청년 증명사진 촬영지원 ❍ 지원기간 : 2026. 7. ~ 12.   ※ 예산 소진 시 조기 마감
❍ 지원대상 : 신청일 기준 청년 구직자로서, 본인이 남구 주민이거나 남구 소재 대학교에 재(휴)학 중인 청년
❍ 지원내용 : 이력서(면접)용 증명사진 무료 촬영 지원(1인 연 1회)
❍ 지원절차 : 신청(방문·이메일) → 승인(통보) → 사전예약 및 촬영 
❍ 촬영업체 : 아래 사진관 중 택1 하여 신청

  1) 고운날사진관  (남구 효천중앙로 62, 203호 / 062-710-0040)
  2) 노블스튜디오 (남구 서문대로 676, 2층 / 062-651-7154)
  3) 더인스튜디오 (남구 효우로 79, 6층 602호 / 062-672-5819)
  4) 블루레코드     (남구 독립로 20, 3층 / 0507-1332-2574)
  5) 연리지스튜디오 (남구 봉선로 1, 지하 1층 / 062-376-7343)",,20260727 ~ 20261218,2026-07-28,2026-08-28,2026-09-14,특정기간,기타,,,연중,19,39,Y,무관,0,0,,제한없음,제한없음,제한없음,제한없음,제한없음,계약(위탁운영),지자체,0,Y,N,,," 1) 신청 및 접수
   - 신청기간: 2026. 7. 27. ~ 12. 18.    ※ 예산 소진 시 조기 종료
   - 신청방법: 방문 또는 이메일 신청
     · 방  문: 남구청 일자리정책과 청년정책팀(남구 봉선로 1, 6층)
     · 이메일: iljari1234@korea.kr
   - 구비서류: ① 증명사진 촬영 지원 신청서 ② 워크넷 구직등록확인증③ 주민등록초본(1년 포함) 또는 대학교 재(휴)학 증명서 1부
 2) 선    정: 대상 요건(연령, 거주기준 등) 검토 및 선정(개별통보)
 3) 촬영예약: 촬영일시 확인 등 촬영업체에 신청자가 유선예약 실시
     ※ 선정 안내일로부터 1개월 이내에 촬영하지 않을 경우, 선정 취소 및 예비순번 대상자 선정",,,,전남광주통합특별시,전남광주통합특별시,전남광주통합특별시,12270,263,승인
